[{"model": "contenttypes.contenttype", "fields": {"app_label": "admin", "model": "logentry"}}, {"model": "contenttypes.contenttype", "fields": {"app_label": "auth", "model": "permission"}}, {"model": "contenttypes.contenttype", "fields": {"app_label": "auth", "model": "group"}}, {"model": "contenttypes.contenttype", "fields": {"app_label": "contenttypes", "model": "contenttype"}}, {"model": "contenttypes.contenttype", "fields": {"app_label": "sessions", "model": "session"}}, {"model": "contenttypes.contenttype", "fields": {"app_label": "accounts", "model": "department"}}, {"model": "contenttypes.contenttype", "fields": {"app_label": "accounts", "model": "customuser"}}, {"model": "contenttypes.contenttype", "fields": {"app_label": "accounts", "model": "enrollmentofficerprofile"}}, {"model": "contenttypes.contenttype", "fields": {"app_label": "accounts", "model": "program"}}, {"model": "contenttypes.contenttype", "fields": {"app_label": "accounts", "model": "studentprofile"}}, {"model": "contenttypes.contenttype", "fields": {"app_label": "subjects", "model": "subject"}}, {"model": "contenttypes.contenttype", "fields": {"app_label": "subjects", "model": "studentsubjectchecklist"}}, {"model": "contenttypes.contenttype", "fields": {"app_label": "studentSubjectCheckList", "model": "studentsubjectchecklist"}}, {"model": "contenttypes.contenttype", "fields": {"app_label": "studentRegistration", "model": "registrationwindow"}}, {"model": "contenttypes.contenttype", "fields": {"app_label": "studentRegistration", "model": "studentregistration"}}, {"model": "contenttypes.contenttype", "fields": {"app_label": "systemLogs", "model": "logs"}}, {"model": "sessions.session", "pk": "1fhkts98pj20znag3y3pbxrdiyi9xbro", "fields": {"session_data": ".eJxVjMsOwiAQRf-FtSEDDgy4dN9vIMOjUjU0Ke3K-O_apAvd3nPOfYnA21rD1ssSpiwugsTpd4ucHqXtIN-53WaZ5rYuU5S7Ig_a5TDn8rwe7t9B5V6_NXBij9ZZVKYkx4lwROujZfKKogagDKhBjwgUMTNkc2ZnyRr2hpR4fwDPjDbj:1u4TpG:B0Zp8xObAWLsS6jmLr_DRqohhJPVCZqeW68bUSlGsGc", "expire_date": "2025-04-29T00:06:54.706Z"}}, {"model": "sessions.session", "pk": "1gn12grrkrmmsxr87ifqc7xiq2hjqpwj", "fields": {"session_data": ".eJxVjDsOwjAQRO_iGlmJY3ttSvqcwVrvenEAJVI-FeLuJFIK6EZv3sxbJdzWmralzGlgdVWtuvyyjPQs41HwA8f7pGka13nI-lD02S66n7i8bqf7d1Bxqfu6s2RBAgg59k1LOQYLBhiieGlcJEPOQmDsqBj2QHtCl3dWBBvx6vMF4ms4TA:1txHej:Ophl8haGm6PvIGNzsgfoO3abSnlSuH2BaGePM2Ront0", "expire_date": "2025-04-09T03:42:17.479Z"}}, {"model": "sessions.session", "pk": "d6gtdy9bzlm2gts0nkknc9el2ok7jq3f", "fields": {"session_data": ".eJxVjDsOwjAQRO_iGlmJY3ttSvqcwVrvenEAJVI-FeLuJFIK6EZv3sxbJdzWmralzGlgdVWtuvyyjPQs41HwA8f7pGka13nI-lD02S66n7i8bqf7d1Bxqfu6s2RBAgg59k1LOQYLBhiieGlcJEPOQmDsqBj2QHtCl3dWBBvx6vMF4ms4TA:1tzaeO:enzY6Dxtk7Ka9rHKGXWY2VF4Nn-ui8u-HvYEpPSL3q8", "expire_date": "2025-04-15T12:23:28.573Z"}}, {"model": "sessions.session", "pk": "exw9o83s76dfdkr6p24xwcqp20m0b43y", "fields": {"session_data": ".eJxVjMsOwiAQRf-FtSE8BAaX7vsNZGAmUjWQlHZl_Hdt0oVu7znnvkTCba1pG7ykmcRFGHH63TKWB7cd0B3brcvS27rMWe6KPOiQUyd-Xg_376DiqN864tlFr10waAkYig4mEkQsNlPWxXoLLprsOXswAFo5IKtYcWAdLYn3B8j2Nyk:1tyqLl:Jeee52fJsAZ6myLkXNyCmPFGch6_tWOJyE7QyD7-3FU", "expire_date": "2025-04-13T10:57:09.798Z"}}, {"model": "sessions.session", "pk": "ikx6niuf0g4sz6xeo5t9jxy5bw3tt11h", "fields": {"session_data": ".eJxVjDsOwjAQRO_iGlmJY3ttSvqcwVrvenEAJVI-FeLuJFIK6EZv3sxbJdzWmralzGlgdVWtuvyyjPQs41HwA8f7pGka13nI-lD02S66n7i8bqf7d1Bxqfu6s2RBAgg59k1LOQYLBhiieGlcJEPOQmDsqBj2QHtCl3dWBBvx6vMF4ms4TA:1tzsB2:dNdxPhzotZqt-7vkvU2x0jzn8eAVR4VIMG2szs-mV7E", "expire_date": "2025-04-16T07:06:20.117Z"}}, {"model": "sessions.session", "pk": "lhdufd99vekxs6jt73mxosuflcsg477d", "fields": {"session_data": ".eJxVjDsOwjAQRO_iGlmJY3ttSvqcwVrvenEAJVI-FeLuJFIK6EZv3sxbJdzWmralzGlgdVWtuvyyjPQs41HwA8f7pGka13nI-lD02S66n7i8bqf7d1Bxqfu6s2RBAgg59k1LOQYLBhiieGlcJEPOQmDsqBj2QHtCl3dWBBvx6vMF4ms4TA:1tvro3:5jXCylFnZyffl_isdlVgu0nvYGMjydHSSXzHIRzYQkQ", "expire_date": "2025-04-05T05:54:03.719Z"}}, {"model": "sessions.session", "pk": "ydsgev7bzub6mzlmtqe5lcpavkmw7oxi", "fields": {"session_data": ".eJxVjDsOwjAQRO_iGlmJY3ttSvqcwVrvenEAJVI-FeLuJFIK6EZv3sxbJdzWmralzGlgdVWtuvyyjPQs41HwA8f7pGka13nI-lD02S66n7i8bqf7d1Bxqfu6s2RBAgg59k1LOQYLBhiieGlcJEPOQmDsqBj2QHtCl3dWBBvx6vMF4ms4TA:1tyl4o:Mk0yAasB6jp7ihBtWQoNsyy9jb1XW-boFdET6a5ZDbI", "expire_date": "2025-04-13T05:19:18.579Z"}}, {"model": "accounts.department", "pk": 1, "fields": {"name": "School of Computer Studies", "description": ""}}, {"model": "accounts.department", "pk": 2, "fields": {"name": "College of Arts and Sciences", "description": ""}}, {"model": "accounts.program", "pk": 1, "fields": {"department": 1, "name": "BSCS"}}, {"model": "accounts.program", "pk": 2, "fields": {"department": 1, "name": "BSIT"}}, {"model": "accounts.program", "pk": 3, "fields": {"department": 2, "name": "ABE"}}, {"model": "subjects.subject", "pk": 1, "fields": {"name": "Introduction to Computing", "code": "ITC110", "subject_type": "MAJOR", "year_level": 1, "semester": "1st", "lec_units": 2, "lab_units": 1, "units": 3, "description": "", "approved": true, "created_at": "2025-03-22T11:06:28.923Z", "updated_at": "2025-04-12T01:11:59.465Z", "departments": [1], "programs": [1], "prerequisites": []}}, {"model": "subjects.subject", "pk": 2, "fields": {"name": "Computer Programming 1", "code": "ITC111", "subject_type": "MAJOR", "year_level": 1, "semester": "1st", "lec_units": 2, "lab_units": 1, "units": 3, "description": "", "approved": true, "created_at": "2025-03-22T11:06:54.443Z", "updated_at": "2025-03-22T11:45:55.258Z", "departments": [1], "programs": [1], "prerequisites": []}}, {"model": "subjects.subject", "pk": 3, "fields": {"name": "Intro to Graphics and Design", "code": "ITC112", "subject_type": "MAJOR", "year_level": 1, "semester": "1st", "lec_units": 2, "lab_units": 1, "units": 3, "description": "", "approved": true, "created_at": "2025-03-22T11:07:41.984Z", "updated_at": "2025-03-22T11:45:51.765Z", "departments": [1], "programs": [1], "prerequisites": []}}, {"model": "subjects.subject", "pk": 4, "fields": {"name": "Computer Programming 2", "code": "ITC120", "subject_type": "MAJOR", "year_level": 1, "semester": "2nd", "lec_units": 2, "lab_units": 1, "units": 3, "description": "", "approved": true, "created_at": "2025-03-22T11:08:28.151Z", "updated_at": "2025-03-22T11:45:47.059Z", "departments": [1], "programs": [1], "prerequisites": [2]}}, {"model": "subjects.subject", "pk": 5, "fields": {"name": "Operating Systems", "code": "ITC121", "subject_type": "MAJOR", "year_level": 1, "semester": "2nd", "lec_units": 2, "lab_units": 1, "units": 3, "description": "", "approved": true, "created_at": "2025-03-22T11:08:56.224Z", "updated_at": "2025-03-22T11:45:43.105Z", "departments": [1], "programs": [1], "prerequisites": [1, 2]}}, {"model": "subjects.subject", "pk": 6, "fields": {"name": "Intro to Web Design", "code": "ITC122", "subject_type": "MAJOR", "year_level": 1, "semester": "2nd", "lec_units": 2, "lab_units": 1, "units": 3, "description": "", "approved": true, "created_at": "2025-03-22T11:09:23.684Z", "updated_at": "2025-03-22T11:45:38.340Z", "departments": [1], "programs": [1], "prerequisites": [3]}}, {"model": "subjects.subject", "pk": 7, "fields": {"name": "Applications Dev't and Emerging Tech", "code": "ITC123", "subject_type": "MAJOR", "year_level": 2, "semester": "1st", "lec_units": 2, "lab_units": 1, "units": 3, "description": "", "approved": true, "created_at": "2025-03-22T11:11:24.557Z", "updated_at": "2025-03-22T11:45:34.625Z", "departments": [1], "programs": [1], "prerequisites": [6]}}, {"model": "subjects.subject", "pk": 8, "fields": {"name": "Fundamentals of Database Systems", "code": "ITC124", "subject_type": "MAJOR", "year_level": 2, "semester": "1st", "lec_units": 2, "lab_units": 1, "units": 3, "description": "", "approved": true, "created_at": "2025-03-22T11:12:21.135Z", "updated_at": "2025-03-22T11:45:30.790Z", "departments": [1], "programs": [1], "prerequisites": [4]}}, {"model": "subjects.subject", "pk": 9, "fields": {"name": "Data Stuctures and Algorithm", "code": "ITC125", "subject_type": "MAJOR", "year_level": 2, "semester": "1st", "lec_units": 2, "lab_units": 1, "units": 3, "description": "", "approved": true, "created_at": "2025-03-22T11:13:29.870Z", "updated_at": "2025-03-22T11:45:23.893Z", "departments": [1], "programs": [1], "prerequisites": [4]}}, {"model": "subjects.subject", "pk": 10, "fields": {"name": "Discrete Structures 1", "code": "CS210", "subject_type": "MAJOR", "year_level": 2, "semester": "1st", "lec_units": 3, "lab_units": 0, "units": 3, "description": "", "approved": true, "created_at": "2025-03-22T11:14:55.886Z", "updated_at": "2025-03-22T11:45:18.299Z", "departments": [1], "programs": [1], "prerequisites": []}}, {"model": "subjects.subject", "pk": 11, "fields": {"name": "Object-oriented Programming", "code": "CS211", "subject_type": "MAJOR", "year_level": 2, "semester": "1st", "lec_units": 2, "lab_units": 1, "units": 3, "description": "", "approved": true, "created_at": "2025-03-22T11:37:44.021Z", "updated_at": "2025-03-26T12:14:52.606Z", "departments": [1], "programs": [1, 2], "prerequisites": []}}, {"model": "subjects.subject", "pk": 12, "fields": {"name": "Probability and Statistics", "code": "STAT01C", "subject_type": "MAJOR", "year_level": 2, "semester": "1st", "lec_units": 3, "lab_units": 0, "units": 3, "description": "", "approved": true, "created_at": "2025-03-22T11:50:46.517Z", "updated_at": "2025-03-22T11:50:46.517Z", "departments": [1], "programs": [1], "prerequisites": []}}, {"model": "subjects.subject", "pk": 13, "fields": {"name": "Information Management", "code": "ITC126", "subject_type": "MAJOR", "year_level": 2, "semester": "2nd", "lec_units": 3, "lab_units": 0, "units": 3, "description": "", "approved": true, "created_at": "2025-03-22T11:51:17.894Z", "updated_at": "2025-03-22T11:51:17.894Z", "departments": [1], "programs": [1], "prerequisites": []}}, {"model": "subjects.subject", "pk": 14, "fields": {"name": "Advanced Database Systems", "code": "ITC127", "subject_type": "MAJOR", "year_level": 2, "semester": "2nd", "lec_units": 2, "lab_units": 1, "units": 3, "description": "", "approved": true, "created_at": "2025-03-22T11:51:44.517Z", "updated_at": "2025-03-22T11:51:44.517Z", "departments": [1], "programs": [1], "prerequisites": []}}, {"model": "subjects.subject", "pk": 15, "fields": {"name": "Digital Design and Electronics", "code": "CS221", "subject_type": "MAJOR", "year_level": 2, "semester": "2nd", "lec_units": 2, "lab_units": 1, "units": 3, "description": "", "approved": true, "created_at": "2025-03-22T11:52:24.455Z", "updated_at": "2025-03-22T11:52:24.455Z", "departments": [1], "programs": [1], "prerequisites": []}}, {"model": "subjects.subject", "pk": 16, "fields": {"name": "Computer Architecture", "code": "CS222", "subject_type": "MAJOR", "year_level": 2, "semester": "1st", "lec_units": 2, "lab_units": 1, "units": 3, "description": "", "approved": true, "created_at": "2025-03-22T11:53:28.808Z", "updated_at": "2025-03-22T11:53:28.808Z", "departments": [1], "programs": [1], "prerequisites": []}}, {"model": "subjects.subject", "pk": 17, "fields": {"name": "Discrete Structures 2", "code": "CS223", "subject_type": "MAJOR", "year_level": 2, "semester": "2nd", "lec_units": 3, "lab_units": 0, "units": 3, "description": "", "approved": true, "created_at": "2025-03-22T11:54:04.234Z", "updated_at": "2025-03-22T11:54:04.234Z", "departments": [1], "programs": [1], "prerequisites": []}}, {"model": "subjects.subject", "pk": 18, "fields": {"name": "Networks and Communication", "code": "CS224", "subject_type": "MAJOR", "year_level": 2, "semester": "2nd", "lec_units": 2, "lab_units": 1, "units": 3, "description": "", "approved": true, "created_at": "2025-03-22T11:54:35.586Z", "updated_at": "2025-03-22T11:54:35.586Z", "departments": [1], "programs": [1], "prerequisites": []}}, {"model": "subjects.subject", "pk": 19, "fields": {"name": "Computer Org (w/Assembly Lang)", "code": "ITC129", "subject_type": "MAJOR", "year_level": 3, "semester": "1st", "lec_units": 2, "lab_units": 1, "units": 3, "description": "", "approved": true, "created_at": "2025-03-22T11:55:51.744Z", "updated_at": "2025-03-22T11:55:51.744Z", "departments": [1], "programs": [1], "prerequisites": []}}, {"model": "subjects.subject", "pk": 20, "fields": {"name": "Software Engineering 1", "code": "CS310", "subject_type": "MAJOR", "year_level": 3, "semester": "1st", "lec_units": 3, "lab_units": 0, "units": 3, "description": "", "approved": true, "created_at": "2025-03-22T11:56:15.927Z", "updated_at": "2025-03-22T11:56:15.927Z", "departments": [1], "programs": [1], "prerequisites": []}}, {"model": "subjects.subject", "pk": 21, "fields": {"name": "Computer Programming 3", "code": "CS311", "subject_type": "MAJOR", "year_level": 3, "semester": "1st", "lec_units": 2, "lab_units": 1, "units": 3, "description": "", "approved": true, "created_at": "2025-03-22T11:56:51.607Z", "updated_at": "2025-03-22T11:56:51.607Z", "departments": [1], "programs": [1], "prerequisites": []}}, {"model": "subjects.subject", "pk": 22, "fields": {"name": "Algorithms and Complexity", "code": "CS312", "subject_type": "MAJOR", "year_level": 3, "semester": "1st", "lec_units": 2, "lab_units": 1, "units": 3, "description": "", "approved": true, "created_at": "2025-03-22T11:57:25.460Z", "updated_at": "2025-03-22T11:57:25.460Z", "departments": [1], "programs": [1], "prerequisites": []}}, {"model": "subjects.subject", "pk": 23, "fields": {"name": "Elective 1", "code": "CS313", "subject_type": "MAJOR", "year_level": 3, "semester": "1st", "lec_units": 2, "lab_units": 1, "units": 3, "description": "", "approved": true, "created_at": "2025-03-22T11:58:09.269Z", "updated_at": "2025-03-22T11:58:09.269Z", "departments": [1], "programs": [1], "prerequisites": []}}, {"model": "subjects.subject", "pk": 24, "fields": {"name": "Linear Algebra", "code": "CS314", "subject_type": "MAJOR", "year_level": 3, "semester": "1st", "lec_units": 3, "lab_units": 0, "units": 3, "description": "", "approved": true, "created_at": "2025-03-22T11:58:48.047Z", "updated_at": "2025-03-22T11:58:48.048Z", "departments": [1], "programs": [1], "prerequisites": []}}, {"model": "subjects.subject", "pk": 25, "fields": {"name": "Computer Accounting (w/SAP)", "code": "ITC130", "subject_type": "MAJOR", "year_level": 3, "semester": "2nd", "lec_units": 2, "lab_units": 1, "units": 3, "description": "", "approved": true, "created_at": "2025-03-22T11:59:16.603Z", "updated_at": "2025-03-22T11:59:16.603Z", "departments": [1], "programs": [1], "prerequisites": []}}, {"model": "subjects.subject", "pk": 26, "fields": {"name": "Software Engineering 2", "code": "CS320", "subject_type": "MAJOR", "year_level": 3, "semester": "2nd", "lec_units": 2, "lab_units": 1, "units": 3, "description": "", "approved": true, "created_at": "2025-03-22T11:59:45.982Z", "updated_at": "2025-03-22T11:59:45.982Z", "departments": [1], "programs": [1], "prerequisites": []}}, {"model": "subjects.subject", "pk": 27, "fields": {"name": "Programming Languages", "code": "CS321", "subject_type": "MAJOR", "year_level": 3, "semester": "2nd", "lec_units": 2, "lab_units": 1, "units": 3, "description": "", "approved": true, "created_at": "2025-03-22T12:00:11.749Z", "updated_at": "2025-03-22T12:00:11.749Z", "departments": [1], "programs": [1], "prerequisites": []}}, {"model": "subjects.subject", "pk": 28, "fields": {"name": "Elective 2", "code": "CS322", "subject_type": "MAJOR", "year_level": 3, "semester": "2nd", "lec_units": 2, "lab_units": 1, "units": 3, "description": "", "approved": true, "created_at": "2025-03-22T12:01:43.545Z", "updated_at": "2025-03-22T12:01:43.545Z", "departments": [1], "programs": [1], "prerequisites": []}}, {"model": "subjects.subject", "pk": 29, "fields": {"name": "Math Analysis", "code": "CS323", "subject_type": "MAJOR", "year_level": 3, "semester": "2nd", "lec_units": 5, "lab_units": 0, "units": 3, "description": "", "approved": true, "created_at": "2025-03-22T12:02:55.984Z", "updated_at": "2025-03-22T12:02:55.984Z", "departments": [1], "programs": [1], "prerequisites": []}}, {"model": "subjects.subject", "pk": 30, "fields": {"name": "Social Issues and Professional Practice", "code": "ITC128", "subject_type": "MAJOR", "year_level": 4, "semester": "1st", "lec_units": 3, "lab_units": 0, "units": 3, "description": "", "approved": true, "created_at": "2025-03-22T12:03:49.774Z", "updated_at": "2025-03-22T12:03:49.774Z", "departments": [1], "programs": [1], "prerequisites": []}}, {"model": "subjects.subject", "pk": 31, "fields": {"name": "Thesis 1", "code": "CS411", "subject_type": "MAJOR", "year_level": 4, "semester": "1st", "lec_units": 3, "lab_units": 0, "units": 3, "description": "", "approved": true, "created_at": "2025-03-22T12:05:12.397Z", "updated_at": "2025-03-22T12:05:12.397Z", "departments": [1], "programs": [1], "prerequisites": []}}, {"model": "subjects.subject", "pk": 32, "fields": {"name": "Elective 3", "code": "CS412", "subject_type": "MAJOR", "year_level": 4, "semester": "1st", "lec_units": 3, "lab_units": 0, "units": 3, "description": "", "approved": true, "created_at": "2025-03-22T12:05:38.736Z", "updated_at": "2025-03-22T12:05:38.736Z", "departments": [1], "programs": [1], "prerequisites": []}}, {"model": "subjects.subject", "pk": 33, "fields": {"name": "Automata Theory and Formal Languages", "code": "CSS413", "subject_type": "MAJOR", "year_level": 4, "semester": "1st", "lec_units": 3, "lab_units": 0, "units": 3, "description": "", "approved": true, "created_at": "2025-03-22T12:06:15.807Z", "updated_at": "2025-03-22T12:06:15.807Z", "departments": [1], "programs": [1], "prerequisites": []}}, {"model": "subjects.subject", "pk": 34, "fields": {"name": "Information Assurance and Security", "code": "CS420", "subject_type": "MAJOR", "year_level": 4, "semester": "2nd", "lec_units": 3, "lab_units": 0, "units": 3, "description": "", "approved": true, "created_at": "2025-03-22T12:07:09.987Z", "updated_at": "2025-03-22T12:07:09.987Z", "departments": [1], "programs": [1], "prerequisites": []}}, {"model": "subjects.subject", "pk": 35, "fields": {"name": "Thesis 2", "code": "CS421", "subject_type": "MAJOR", "year_level": 4, "semester": "2nd", "lec_units": 3, "lab_units": 0, "units": 3, "description": "", "approved": true, "created_at": "2025-03-22T12:07:42.782Z", "updated_at": "2025-03-22T12:07:42.782Z", "departments": [1], "programs": [1], "prerequisites": []}}, {"model": "subjects.subject", "pk": 36, "fields": {"name": "Human Computer Interaction", "code": "CS422", "subject_type": "MAJOR", "year_level": 4, "semester": "2nd", "lec_units": 2, "lab_units": 1, "units": 3, "description": "", "approved": true, "created_at": "2025-03-22T12:08:12.356Z", "updated_at": "2025-03-22T12:08:12.356Z", "departments": [1], "programs": [1], "prerequisites": []}}, {"model": "subjects.subject", "pk": 37, "fields": {"name": "Elective 4", "code": "CS423", "subject_type": "MAJOR", "year_level": 4, "semester": "2nd", "lec_units": 2, "lab_units": 1, "units": 3, "description": "", "approved": true, "created_at": "2025-03-22T12:08:35.988Z", "updated_at": "2025-03-22T12:08:35.988Z", "departments": [1], "programs": [1], "prerequisites": []}}, {"model": "subjects.subject", "pk": 38, "fields": {"name": "Mathematics in the Modern World", "code": "GCAS05", "subject_type": "MINOR", "year_level": null, "semester": "--", "lec_units": 3, "lab_units": 0, "units": 3, "description": "", "approved": true, "created_at": "2025-03-22T12:12:53.774Z", "updated_at": "2025-03-22T12:12:53.774Z", "departments": [1], "programs": [1], "prerequisites": []}}, {"model": "subjects.subject", "pk": 39, "fields": {"name": "Purposive Communication", "code": "GCAS06", "subject_type": "MINOR", "year_level": null, "semester": "--", "lec_units": 3, "lab_units": 0, "units": 3, "description": "", "approved": true, "created_at": "2025-03-22T12:20:32.283Z", "updated_at": "2025-03-22T12:28:49.715Z", "departments": [1], "programs": [1], "prerequisites": []}}, {"model": "subjects.subject", "pk": 40, "fields": {"name": "Science, Technology and Society", "code": "GCAS07", "subject_type": "MINOR", "year_level": null, "semester": "--", "lec_units": 3, "lab_units": 0, "units": 3, "description": "", "approved": true, "created_at": "2025-03-22T12:22:47.866Z", "updated_at": "2025-03-22T12:22:47.866Z", "departments": [1], "programs": [1], "prerequisites": []}}, {"model": "subjects.subject", "pk": 41, "fields": {"name": "PE 1 - Movement Enhancement", "code": "GCAS15", "subject_type": "MINOR", "year_level": null, "semester": "--", "lec_units": 2, "lab_units": 0, "units": 2, "description": "", "approved": true, "created_at": "2025-03-22T12:23:38.917Z", "updated_at": "2025-03-22T12:23:38.917Z", "departments": [1], "programs": [1], "prerequisites": []}}, {"model": "subjects.subject", "pk": 42, "fields": {"name": "NSTP 1", "code": "GCAS19", "subject_type": "MINOR", "year_level": null, "semester": "--", "lec_units": 3, "lab_units": 0, "units": 3, "description": "", "approved": true, "created_at": "2025-03-22T12:25:14.924Z", "updated_at": "2025-03-22T12:25:14.924Z", "departments": [1], "programs": [1], "prerequisites": []}}, {"model": "subjects.subject", "pk": 43, "fields": {"name": "Art Appreciation", "code": "GCAS01", "subject_type": "MINOR", "year_level": null, "semester": "--", "lec_units": 3, "lab_units": 0, "units": 3, "description": "", "approved": true, "created_at": "2025-03-22T12:25:41.656Z", "updated_at": "2025-03-26T13:01:41.363Z", "departments": [1], "programs": [1, 2], "prerequisites": []}}, {"model": "subjects.subject", "pk": 44, "fields": {"name": "Ethics", "code": "GCAS02", "subject_type": "MINOR", "year_level": null, "semester": "--", "lec_units": 3, "lab_units": 0, "units": 3, "description": "", "approved": true, "created_at": "2025-03-22T12:27:12.301Z", "updated_at": "2025-03-22T12:27:12.301Z", "departments": [1], "programs": [1], "prerequisites": []}}, {"model": "subjects.subject", "pk": 45, "fields": {"name": "Readings in Philippine History", "code": "GCAS04", "subject_type": "MAJOR", "year_level": null, "semester": "--", "lec_units": 3, "lab_units": 0, "units": 3, "description": "", "approved": true, "created_at": "2025-03-22T12:27:57.231Z", "updated_at": "2025-03-22T12:27:57.231Z", "departments": [1], "programs": [1], "prerequisites": []}}, {"model": "subjects.subject", "pk": 46, "fields": {"name": "Understanding the Self", "code": "GCAS08", "subject_type": "MINOR", "year_level": null, "semester": "--", "lec_units": 3, "lab_units": 0, "units": 3, "description": "", "approved": true, "created_at": "2025-03-22T12:29:09.945Z", "updated_at": "2025-03-22T12:29:09.945Z", "departments": [1], "programs": [1], "prerequisites": []}}, {"model": "subjects.subject", "pk": 47, "fields": {"name": "PE 2 - Fitness Exercises", "code": "GCAS16", "subject_type": "MINOR", "year_level": null, "semester": "--", "lec_units": 2, "lab_units": 0, "units": 2, "description": "", "approved": true, "created_at": "2025-03-22T12:29:36.835Z", "updated_at": "2025-03-28T15:54:37.677Z", "departments": [1], "programs": [1, 2], "prerequisites": []}}, {"model": "subjects.subject", "pk": 48, "fields": {"name": "NSTP 2", "code": "GCAS20", "subject_type": "MINOR", "year_level": null, "semester": "--", "lec_units": 3, "lab_units": 0, "units": 3, "description": "", "approved": true, "created_at": "2025-03-22T12:30:08.170Z", "updated_at": "2025-03-22T12:30:08.170Z", "departments": [1], "programs": [1], "prerequisites": []}}, {"model": "subjects.subject", "pk": 49, "fields": {"name": "Contemporary World", "code": "GCAS03", "subject_type": "MINOR", "year_level": null, "semester": "--", "lec_units": 3, "lab_units": 0, "units": 3, "description": "", "approved": true, "created_at": "2025-03-22T12:30:31.780Z", "updated_at": "2025-03-22T12:30:31.780Z", "departments": [1], "programs": [1], "prerequisites": []}}, {"model": "subjects.subject", "pk": 50, "fields": {"name": "PE 3 - Dance/Swimming", "code": "GCAS17", "subject_type": "MINOR", "year_level": null, "semester": "--", "lec_units": 2, "lab_units": 0, "units": 3, "description": "", "approved": true, "created_at": "2025-03-22T12:30:56.916Z", "updated_at": "2025-03-22T12:30:56.916Z", "departments": [1], "programs": [1], "prerequisites": []}}, {"model": "subjects.subject", "pk": 51, "fields": {"name": "PE 4 - Team Sports", "code": "GCAS14", "subject_type": "MINOR", "year_level": null, "semester": "--", "lec_units": 3, "lab_units": 0, "units": 3, "description": "", "approved": true, "created_at": "2025-03-22T12:31:32.618Z", "updated_at": "2025-03-22T12:31:32.619Z", "departments": [1], "programs": [1], "prerequisites": []}}, {"model": "subjects.subject", "pk": 52, "fields": {"name": "Rizal", "code": "GCAS09", "subject_type": "MINOR", "year_level": null, "semester": "--", "lec_units": 3, "lab_units": 0, "units": 3, "description": "", "approved": true, "created_at": "2025-03-22T12:31:59.268Z", "updated_at": "2025-03-22T12:31:59.268Z", "departments": [1], "programs": [1], "prerequisites": []}}, {"model": "subjects.subject", "pk": 53, "fields": {"name": "Filipino 2 - Panitikan", "code": "GCAS11", "subject_type": "MINOR", "year_level": null, "semester": "--", "lec_units": 3, "lab_units": 0, "units": 3, "description": "", "approved": true, "created_at": "2025-03-22T12:33:01.837Z", "updated_at": "2025-03-22T12:33:01.837Z", "departments": [1], "programs": [1], "prerequisites": []}}, {"model": "subjects.subject", "pk": 54, "fields": {"name": "Community Development", "code": "GCASIR", "subject_type": "MINOR", "year_level": null, "semester": "--", "lec_units": 3, "lab_units": 0, "units": 3, "description": "", "approved": true, "created_at": "2025-03-22T12:33:21.725Z", "updated_at": "2025-03-22T12:33:21.725Z", "departments": [1], "programs": [1], "prerequisites": []}}, {"model": "subjects.subject", "pk": 57, "fields": {"name": "Networks and Communication 2", "code": "ITC230", "subject_type": "MAJOR", "year_level": 1, "semester": "1st", "lec_units": 3, "lab_units": 0, "units": 3, "description": "", "approved": false, "created_at": "2025-03-27T01:59:27.636Z", "updated_at": "2025-03-27T01:59:27.662Z", "departments": [1], "programs": [2], "prerequisites": [18]}}, {"model": "subjects.subject", "pk": 58, "fields": {"name": "Computer Science 101", "code": "CS101", "subject_type": "MAJOR", "year_level": 1, "semester": "1st", "lec_units": 3, "lab_units": 0, "units": 3, "description": "", "approved": false, "created_at": "2025-03-27T03:11:04.893Z", "updated_at": "2025-03-27T03:11:04.911Z", "departments": [1], "programs": [1], "prerequisites": []}}, {"model": "studentSubjectCheckList.studentsubjectchecklist", "pk": 1, "fields": {"student": 1, "subject": 6, "taken": true, "taken_date": "2025-03-27T08:50:20.267Z"}}, {"model": "studentSubjectCheckList.studentsubjectchecklist", "pk": 2, "fields": {"student": 1, "subject": 5, "taken": true, "taken_date": "2025-03-27T08:50:20.273Z"}}, {"model": "studentSubjectCheckList.studentsubjectchecklist", "pk": 3, "fields": {"student": 1, "subject": 4, "taken": true, "taken_date": "2025-03-27T08:50:20.279Z"}}, {"model": "studentSubjectCheckList.studentsubjectchecklist", "pk": 4, "fields": {"student": 1, "subject": 3, "taken": true, "taken_date": "2025-03-27T08:50:20.285Z"}}, {"model": "studentSubjectCheckList.studentsubjectchecklist", "pk": 5, "fields": {"student": 1, "subject": 2, "taken": true, "taken_date": "2025-03-27T08:50:20.290Z"}}, {"model": "studentSubjectCheckList.studentsubjectchecklist", "pk": 6, "fields": {"student": 1, "subject": 1, "taken": true, "taken_date": "2025-03-27T08:50:20.296Z"}}, {"model": "studentSubjectCheckList.studentsubjectchecklist", "pk": 7, "fields": {"student": 1, "subject": 11, "taken": true, "taken_date": "2025-03-27T08:50:20.303Z"}}, {"model": "studentSubjectCheckList.studentsubjectchecklist", "pk": 8, "fields": {"student": 1, "subject": 10, "taken": true, "taken_date": "2025-03-27T08:50:20.309Z"}}, {"model": "studentSubjectCheckList.studentsubjectchecklist", "pk": 9, "fields": {"student": 1, "subject": 9, "taken": true, "taken_date": "2025-03-27T08:50:20.315Z"}}, {"model": "studentSubjectCheckList.studentsubjectchecklist", "pk": 10, "fields": {"student": 1, "subject": 8, "taken": true, "taken_date": "2025-03-27T08:50:20.320Z"}}, {"model": "studentSubjectCheckList.studentsubjectchecklist", "pk": 11, "fields": {"student": 1, "subject": 7, "taken": true, "taken_date": "2025-03-27T08:50:20.326Z"}}, {"model": "studentSubjectCheckList.studentsubjectchecklist", "pk": 12, "fields": {"student": 1, "subject": 12, "taken": true, "taken_date": "2025-03-27T08:50:20.332Z"}}, {"model": "studentSubjectCheckList.studentsubjectchecklist", "pk": 13, "fields": {"student": 1, "subject": 13, "taken": false, "taken_date": "2025-03-27T08:50:20.338Z"}}, {"model": "studentSubjectCheckList.studentsubjectchecklist", "pk": 14, "fields": {"student": 1, "subject": 14, "taken": false, "taken_date": "2025-03-27T08:50:20.343Z"}}, {"model": "studentSubjectCheckList.studentsubjectchecklist", "pk": 15, "fields": {"student": 1, "subject": 15, "taken": true, "taken_date": "2025-03-27T08:50:20.349Z"}}, {"model": "studentSubjectCheckList.studentsubjectchecklist", "pk": 16, "fields": {"student": 1, "subject": 16, "taken": true, "taken_date": "2025-03-27T08:50:20.354Z"}}, {"model": "studentSubjectCheckList.studentsubjectchecklist", "pk": 17, "fields": {"student": 1, "subject": 17, "taken": true, "taken_date": "2025-03-27T08:50:20.361Z"}}, {"model": "studentSubjectCheckList.studentsubjectchecklist", "pk": 18, "fields": {"student": 1, "subject": 18, "taken": false, "taken_date": "2025-03-27T08:50:20.368Z"}}, {"model": "studentSubjectCheckList.studentsubjectchecklist", "pk": 19, "fields": {"student": 1, "subject": 19, "taken": false, "taken_date": "2025-03-27T08:50:20.375Z"}}, {"model": "studentSubjectCheckList.studentsubjectchecklist", "pk": 20, "fields": {"student": 1, "subject": 20, "taken": true, "taken_date": "2025-03-27T08:50:20.381Z"}}, {"model": "studentSubjectCheckList.studentsubjectchecklist", "pk": 21, "fields": {"student": 1, "subject": 21, "taken": true, "taken_date": "2025-03-27T08:50:20.387Z"}}, {"model": "studentSubjectCheckList.studentsubjectchecklist", "pk": 22, "fields": {"student": 1, "subject": 22, "taken": true, "taken_date": "2025-03-27T08:50:20.393Z"}}, {"model": "studentSubjectCheckList.studentsubjectchecklist", "pk": 23, "fields": {"student": 1, "subject": 23, "taken": true, "taken_date": "2025-03-27T08:50:20.399Z"}}, {"model": "studentSubjectCheckList.studentsubjectchecklist", "pk": 24, "fields": {"student": 1, "subject": 24, "taken": false, "taken_date": "2025-03-27T08:50:20.405Z"}}, {"model": "studentSubjectCheckList.studentsubjectchecklist", "pk": 25, "fields": {"student": 1, "subject": 25, "taken": false, "taken_date": "2025-03-27T08:50:20.411Z"}}, {"model": "studentSubjectCheckList.studentsubjectchecklist", "pk": 26, "fields": {"student": 1, "subject": 26, "taken": false, "taken_date": "2025-03-27T08:50:20.417Z"}}, {"model": "studentSubjectCheckList.studentsubjectchecklist", "pk": 27, "fields": {"student": 1, "subject": 27, "taken": false, "taken_date": "2025-03-27T08:50:20.422Z"}}, {"model": "studentSubjectCheckList.studentsubjectchecklist", "pk": 28, "fields": {"student": 1, "subject": 28, "taken": false, "taken_date": "2025-03-27T08:50:20.428Z"}}, {"model": "studentSubjectCheckList.studentsubjectchecklist", "pk": 29, "fields": {"student": 1, "subject": 29, "taken": false, "taken_date": "2025-03-27T08:50:20.433Z"}}, {"model": "studentSubjectCheckList.studentsubjectchecklist", "pk": 30, "fields": {"student": 1, "subject": 30, "taken": false, "taken_date": "2025-03-27T08:50:20.439Z"}}, {"model": "studentSubjectCheckList.studentsubjectchecklist", "pk": 31, "fields": {"student": 1, "subject": 31, "taken": false, "taken_date": "2025-03-27T08:50:20.445Z"}}, {"model": "studentSubjectCheckList.studentsubjectchecklist", "pk": 32, "fields": {"student": 1, "subject": 32, "taken": false, "taken_date": "2025-03-27T08:50:20.451Z"}}, {"model": "studentSubjectCheckList.studentsubjectchecklist", "pk": 33, "fields": {"student": 1, "subject": 33, "taken": false, "taken_date": "2025-03-27T08:50:20.458Z"}}, {"model": "studentSubjectCheckList.studentsubjectchecklist", "pk": 34, "fields": {"student": 1, "subject": 34, "taken": false, "taken_date": "2025-03-27T08:50:20.464Z"}}, {"model": "studentSubjectCheckList.studentsubjectchecklist", "pk": 35, "fields": {"student": 1, "subject": 35, "taken": false, "taken_date": "2025-03-27T08:50:20.470Z"}}, {"model": "studentSubjectCheckList.studentsubjectchecklist", "pk": 36, "fields": {"student": 1, "subject": 36, "taken": false, "taken_date": "2025-03-27T08:50:20.476Z"}}, {"model": "studentSubjectCheckList.studentsubjectchecklist", "pk": 37, "fields": {"student": 1, "subject": 37, "taken": false, "taken_date": "2025-03-27T08:50:20.483Z"}}, {"model": "studentSubjectCheckList.studentsubjectchecklist", "pk": 38, "fields": {"student": 1, "subject": 38, "taken": false, "taken_date": "2025-03-27T08:50:20.490Z"}}, {"model": "studentSubjectCheckList.studentsubjectchecklist", "pk": 39, "fields": {"student": 1, "subject": 39, "taken": false, "taken_date": "2025-03-27T08:50:20.497Z"}}, {"model": "studentSubjectCheckList.studentsubjectchecklist", "pk": 40, "fields": {"student": 1, "subject": 40, "taken": false, "taken_date": "2025-03-27T08:50:20.503Z"}}, {"model": "studentSubjectCheckList.studentsubjectchecklist", "pk": 41, "fields": {"student": 1, "subject": 41, "taken": false, "taken_date": "2025-03-27T08:50:20.509Z"}}, {"model": "studentSubjectCheckList.studentsubjectchecklist", "pk": 42, "fields": {"student": 1, "subject": 42, "taken": false, "taken_date": "2025-03-27T08:50:20.515Z"}}, {"model": "studentSubjectCheckList.studentsubjectchecklist", "pk": 43, "fields": {"student": 1, "subject": 43, "taken": false, "taken_date": "2025-03-27T08:50:20.521Z"}}, {"model": "studentSubjectCheckList.studentsubjectchecklist", "pk": 44, "fields": {"student": 1, "subject": 44, "taken": false, "taken_date": "2025-03-27T08:50:20.527Z"}}, {"model": "studentSubjectCheckList.studentsubjectchecklist", "pk": 45, "fields": {"student": 1, "subject": 46, "taken": false, "taken_date": "2025-03-27T08:50:20.533Z"}}, {"model": "studentSubjectCheckList.studentsubjectchecklist", "pk": 46, "fields": {"student": 1, "subject": 47, "taken": false, "taken_date": "2025-03-27T08:50:20.539Z"}}, {"model": "studentSubjectCheckList.studentsubjectchecklist", "pk": 47, "fields": {"student": 1, "subject": 48, "taken": false, "taken_date": "2025-03-27T08:50:20.544Z"}}, {"model": "studentSubjectCheckList.studentsubjectchecklist", "pk": 48, "fields": {"student": 1, "subject": 49, "taken": false, "taken_date": "2025-03-27T08:50:20.549Z"}}, {"model": "studentSubjectCheckList.studentsubjectchecklist", "pk": 49, "fields": {"student": 1, "subject": 50, "taken": false, "taken_date": "2025-03-27T08:50:20.555Z"}}, {"model": "studentSubjectCheckList.studentsubjectchecklist", "pk": 50, "fields": {"student": 1, "subject": 51, "taken": false, "taken_date": "2025-03-27T08:50:20.560Z"}}, {"model": "studentSubjectCheckList.studentsubjectchecklist", "pk": 51, "fields": {"student": 1, "subject": 52, "taken": false, "taken_date": "2025-03-27T08:50:20.567Z"}}, {"model": "studentSubjectCheckList.studentsubjectchecklist", "pk": 52, "fields": {"student": 1, "subject": 53, "taken": false, "taken_date": "2025-03-27T08:50:20.573Z"}}, {"model": "studentSubjectCheckList.studentsubjectchecklist", "pk": 53, "fields": {"student": 1, "subject": 54, "taken": false, "taken_date": "2025-03-27T08:50:20.578Z"}}, {"model": "studentSubjectCheckList.studentsubjectchecklist", "pk": 54, "fields": {"student": 3, "subject": 1, "taken": false, "taken_date": "2025-04-02T06:32:21.360Z"}}, {"model": "studentSubjectCheckList.studentsubjectchecklist", "pk": 55, "fields": {"student": 3, "subject": 2, "taken": false, "taken_date": "2025-04-02T06:32:21.385Z"}}, {"model": "studentSubjectCheckList.studentsubjectchecklist", "pk": 56, "fields": {"student": 3, "subject": 3, "taken": false, "taken_date": "2025-04-02T06:32:21.402Z"}}, {"model": "studentSubjectCheckList.studentsubjectchecklist", "pk": 57, "fields": {"student": 3, "subject": 4, "taken": false, "taken_date": "2025-04-02T06:32:21.420Z"}}, {"model": "studentSubjectCheckList.studentsubjectchecklist", "pk": 58, "fields": {"student": 3, "subject": 5, "taken": false, "taken_date": "2025-04-02T06:32:21.433Z"}}, {"model": "studentSubjectCheckList.studentsubjectchecklist", "pk": 59, "fields": {"student": 3, "subject": 6, "taken": false, "taken_date": "2025-04-02T06:32:21.448Z"}}, {"model": "studentSubjectCheckList.studentsubjectchecklist", "pk": 60, "fields": {"student": 3, "subject": 10, "taken": true, "taken_date": "2025-04-02T06:32:21.470Z"}}, {"model": "studentSubjectCheckList.studentsubjectchecklist", "pk": 61, "fields": {"student": 3, "subject": 11, "taken": true, "taken_date": "2025-04-02T06:32:21.494Z"}}, {"model": "studentSubjectCheckList.studentsubjectchecklist", "pk": 62, "fields": {"student": 3, "subject": 15, "taken": true, "taken_date": "2025-04-02T06:32:21.510Z"}}, {"model": "studentSubjectCheckList.studentsubjectchecklist", "pk": 63, "fields": {"student": 3, "subject": 16, "taken": true, "taken_date": "2025-04-02T06:32:21.522Z"}}, {"model": "studentSubjectCheckList.studentsubjectchecklist", "pk": 64, "fields": {"student": 3, "subject": 17, "taken": true, "taken_date": "2025-04-02T06:32:21.544Z"}}, {"model": "studentSubjectCheckList.studentsubjectchecklist", "pk": 65, "fields": {"student": 3, "subject": 18, "taken": true, "taken_date": "2025-04-02T06:32:21.560Z"}}, {"model": "studentSubjectCheckList.studentsubjectchecklist", "pk": 66, "fields": {"student": 3, "subject": 7, "taken": true, "taken_date": "2025-04-02T06:32:21.571Z"}}, {"model": "studentSubjectCheckList.studentsubjectchecklist", "pk": 67, "fields": {"student": 3, "subject": 8, "taken": true, "taken_date": "2025-04-02T06:32:21.602Z"}}, {"model": "studentSubjectCheckList.studentsubjectchecklist", "pk": 68, "fields": {"student": 3, "subject": 9, "taken": true, "taken_date": "2025-04-02T06:32:21.621Z"}}, {"model": "studentSubjectCheckList.studentsubjectchecklist", "pk": 69, "fields": {"student": 3, "subject": 13, "taken": false, "taken_date": "2025-04-02T06:32:21.635Z"}}, {"model": "studentSubjectCheckList.studentsubjectchecklist", "pk": 70, "fields": {"student": 3, "subject": 14, "taken": false, "taken_date": "2025-04-02T06:32:21.650Z"}}, {"model": "studentSubjectCheckList.studentsubjectchecklist", "pk": 71, "fields": {"student": 3, "subject": 12, "taken": true, "taken_date": "2025-04-02T06:32:21.666Z"}}, {"model": "studentSubjectCheckList.studentsubjectchecklist", "pk": 72, "fields": {"student": 3, "subject": 20, "taken": false, "taken_date": "2025-04-02T06:32:21.685Z"}}, {"model": "studentSubjectCheckList.studentsubjectchecklist", "pk": 73, "fields": {"student": 3, "subject": 21, "taken": false, "taken_date": "2025-04-02T06:32:21.701Z"}}, {"model": "studentSubjectCheckList.studentsubjectchecklist", "pk": 74, "fields": {"student": 3, "subject": 22, "taken": false, "taken_date": "2025-04-02T06:32:21.709Z"}}, {"model": "studentSubjectCheckList.studentsubjectchecklist", "pk": 75, "fields": {"student": 3, "subject": 23, "taken": false, "taken_date": "2025-04-02T06:32:21.726Z"}}, {"model": "studentSubjectCheckList.studentsubjectchecklist", "pk": 76, "fields": {"student": 3, "subject": 24, "taken": false, "taken_date": "2025-04-02T06:32:21.741Z"}}, {"model": "studentSubjectCheckList.studentsubjectchecklist", "pk": 77, "fields": {"student": 3, "subject": 26, "taken": false, "taken_date": "2025-04-02T06:32:21.758Z"}}, {"model": "studentSubjectCheckList.studentsubjectchecklist", "pk": 78, "fields": {"student": 3, "subject": 27, "taken": false, "taken_date": "2025-04-02T06:32:21.774Z"}}, {"model": "studentSubjectCheckList.studentsubjectchecklist", "pk": 79, "fields": {"student": 3, "subject": 28, "taken": false, "taken_date": "2025-04-02T06:32:21.793Z"}}, {"model": "studentSubjectCheckList.studentsubjectchecklist", "pk": 80, "fields": {"student": 3, "subject": 29, "taken": false, "taken_date": "2025-04-02T06:32:21.809Z"}}, {"model": "studentSubjectCheckList.studentsubjectchecklist", "pk": 81, "fields": {"student": 3, "subject": 19, "taken": false, "taken_date": "2025-04-02T06:32:21.825Z"}}, {"model": "studentSubjectCheckList.studentsubjectchecklist", "pk": 82, "fields": {"student": 3, "subject": 25, "taken": false, "taken_date": "2025-04-02T06:32:21.835Z"}}, {"model": "studentSubjectCheckList.studentsubjectchecklist", "pk": 83, "fields": {"student": 3, "subject": 31, "taken": false, "taken_date": "2025-04-02T06:32:21.859Z"}}, {"model": "studentSubjectCheckList.studentsubjectchecklist", "pk": 84, "fields": {"student": 3, "subject": 32, "taken": false, "taken_date": "2025-04-02T06:32:21.872Z"}}, {"model": "studentSubjectCheckList.studentsubjectchecklist", "pk": 85, "fields": {"student": 3, "subject": 34, "taken": false, "taken_date": "2025-04-02T06:32:21.888Z"}}, {"model": "studentSubjectCheckList.studentsubjectchecklist", "pk": 86, "fields": {"student": 3, "subject": 35, "taken": false, "taken_date": "2025-04-02T06:32:21.905Z"}}, {"model": "studentSubjectCheckList.studentsubjectchecklist", "pk": 87, "fields": {"student": 3, "subject": 36, "taken": false, "taken_date": "2025-04-02T06:32:21.922Z"}}, {"model": "studentSubjectCheckList.studentsubjectchecklist", "pk": 88, "fields": {"student": 3, "subject": 37, "taken": false, "taken_date": "2025-04-02T06:32:21.937Z"}}, {"model": "studentSubjectCheckList.studentsubjectchecklist", "pk": 89, "fields": {"student": 3, "subject": 33, "taken": false, "taken_date": "2025-04-02T06:32:21.954Z"}}, {"model": "studentSubjectCheckList.studentsubjectchecklist", "pk": 90, "fields": {"student": 3, "subject": 30, "taken": false, "taken_date": "2025-04-02T06:32:21.970Z"}}, {"model": "studentSubjectCheckList.studentsubjectchecklist", "pk": 91, "fields": {"student": 3, "subject": 38, "taken": false, "taken_date": "2025-04-02T06:32:21.986Z"}}, {"model": "studentSubjectCheckList.studentsubjectchecklist", "pk": 92, "fields": {"student": 3, "subject": 39, "taken": true, "taken_date": "2025-04-02T06:32:22.005Z"}}, {"model": "studentSubjectCheckList.studentsubjectchecklist", "pk": 93, "fields": {"student": 3, "subject": 40, "taken": true, "taken_date": "2025-04-02T06:32:22.021Z"}}, {"model": "studentSubjectCheckList.studentsubjectchecklist", "pk": 94, "fields": {"student": 3, "subject": 41, "taken": false, "taken_date": "2025-04-02T06:32:22.041Z"}}, {"model": "studentSubjectCheckList.studentsubjectchecklist", "pk": 95, "fields": {"student": 3, "subject": 42, "taken": true, "taken_date": "2025-04-02T06:32:22.057Z"}}, {"model": "studentSubjectCheckList.studentsubjectchecklist", "pk": 96, "fields": {"student": 3, "subject": 43, "taken": false, "taken_date": "2025-04-02T06:32:22.071Z"}}, {"model": "studentSubjectCheckList.studentsubjectchecklist", "pk": 97, "fields": {"student": 3, "subject": 44, "taken": false, "taken_date": "2025-04-02T06:32:22.093Z"}}, {"model": "studentSubjectCheckList.studentsubjectchecklist", "pk": 98, "fields": {"student": 3, "subject": 46, "taken": false, "taken_date": "2025-04-02T06:32:22.109Z"}}, {"model": "studentSubjectCheckList.studentsubjectchecklist", "pk": 99, "fields": {"student": 3, "subject": 47, "taken": false, "taken_date": "2025-04-02T06:32:22.119Z"}}, {"model": "studentSubjectCheckList.studentsubjectchecklist", "pk": 100, "fields": {"student": 3, "subject": 48, "taken": false, "taken_date": "2025-04-02T06:32:22.141Z"}}, {"model": "studentSubjectCheckList.studentsubjectchecklist", "pk": 101, "fields": {"student": 3, "subject": 49, "taken": false, "taken_date": "2025-04-02T06:32:22.157Z"}}, {"model": "studentSubjectCheckList.studentsubjectchecklist", "pk": 102, "fields": {"student": 3, "subject": 50, "taken": true, "taken_date": "2025-04-02T06:32:22.173Z"}}, {"model": "studentSubjectCheckList.studentsubjectchecklist", "pk": 103, "fields": {"student": 3, "subject": 51, "taken": false, "taken_date": "2025-04-02T06:32:22.189Z"}}, {"model": "studentSubjectCheckList.studentsubjectchecklist", "pk": 104, "fields": {"student": 3, "subject": 52, "taken": false, "taken_date": "2025-04-02T06:32:22.205Z"}}, {"model": "studentSubjectCheckList.studentsubjectchecklist", "pk": 105, "fields": {"student": 3, "subject": 53, "taken": false, "taken_date": "2025-04-02T06:32:22.224Z"}}, {"model": "studentSubjectCheckList.studentsubjectchecklist", "pk": 106, "fields": {"student": 3, "subject": 54, "taken": false, "taken_date": "2025-04-02T06:32:22.243Z"}}, {"model": "studentSubjectCheckList.studentsubjectchecklist", "pk": 107, "fields": {"student": 4, "subject": 1, "taken": false, "taken_date": "2025-04-11T12:30:57.006Z"}}, {"model": "studentSubjectCheckList.studentsubjectchecklist", "pk": 108, "fields": {"student": 4, "subject": 2, "taken": false, "taken_date": "2025-04-11T12:30:57.465Z"}}, {"model": "studentSubjectCheckList.studentsubjectchecklist", "pk": 109, "fields": {"student": 4, "subject": 3, "taken": false, "taken_date": "2025-04-11T12:30:57.581Z"}}, {"model": "studentSubjectCheckList.studentsubjectchecklist", "pk": 110, "fields": {"student": 4, "subject": 4, "taken": false, "taken_date": "2025-04-11T12:30:57.929Z"}}, {"model": "studentSubjectCheckList.studentsubjectchecklist", "pk": 111, "fields": {"student": 4, "subject": 5, "taken": false, "taken_date": "2025-04-11T12:30:57.940Z"}}, {"model": "studentSubjectCheckList.studentsubjectchecklist", "pk": 112, "fields": {"student": 4, "subject": 6, "taken": false, "taken_date": "2025-04-11T12:30:58.335Z"}}, {"model": "studentSubjectCheckList.studentsubjectchecklist", "pk": 113, "fields": {"student": 4, "subject": 10, "taken": false, "taken_date": "2025-04-11T12:30:58.344Z"}}, {"model": "studentSubjectCheckList.studentsubjectchecklist", "pk": 114, "fields": {"student": 4, "subject": 11, "taken": false, "taken_date": "2025-04-11T12:30:58.757Z"}}, {"model": "studentSubjectCheckList.studentsubjectchecklist", "pk": 115, "fields": {"student": 4, "subject": 15, "taken": false, "taken_date": "2025-04-11T12:30:58.764Z"}}, {"model": "studentSubjectCheckList.studentsubjectchecklist", "pk": 116, "fields": {"student": 4, "subject": 16, "taken": false, "taken_date": "2025-04-11T12:30:58.773Z"}}, {"model": "studentSubjectCheckList.studentsubjectchecklist", "pk": 117, "fields": {"student": 4, "subject": 17, "taken": false, "taken_date": "2025-04-11T12:30:58.783Z"}}, {"model": "studentSubjectCheckList.studentsubjectchecklist", "pk": 118, "fields": {"student": 4, "subject": 18, "taken": false, "taken_date": "2025-04-11T12:30:58.996Z"}}, {"model": "studentSubjectCheckList.studentsubjectchecklist", "pk": 119, "fields": {"student": 4, "subject": 7, "taken": false, "taken_date": "2025-04-11T12:30:59.008Z"}}, {"model": "studentSubjectCheckList.studentsubjectchecklist", "pk": 120, "fields": {"student": 4, "subject": 8, "taken": false, "taken_date": "2025-04-11T12:30:59.395Z"}}, {"model": "studentSubjectCheckList.studentsubjectchecklist", "pk": 121, "fields": {"student": 4, "subject": 9, "taken": false, "taken_date": "2025-04-11T12:30:59.406Z"}}, {"model": "studentSubjectCheckList.studentsubjectchecklist", "pk": 122, "fields": {"student": 4, "subject": 13, "taken": false, "taken_date": "2025-04-11T12:30:59.413Z"}}, {"model": "studentSubjectCheckList.studentsubjectchecklist", "pk": 123, "fields": {"student": 4, "subject": 14, "taken": false, "taken_date": "2025-04-11T12:30:59.425Z"}}, {"model": "studentSubjectCheckList.studentsubjectchecklist", "pk": 124, "fields": {"student": 4, "subject": 12, "taken": false, "taken_date": "2025-04-11T12:30:59.432Z"}}, {"model": "studentSubjectCheckList.studentsubjectchecklist", "pk": 125, "fields": {"student": 4, "subject": 20, "taken": false, "taken_date": "2025-04-11T12:30:59.460Z"}}, {"model": "studentSubjectCheckList.studentsubjectchecklist", "pk": 126, "fields": {"student": 4, "subject": 21, "taken": false, "taken_date": "2025-04-11T12:30:59.643Z"}}, {"model": "studentSubjectCheckList.studentsubjectchecklist", "pk": 127, "fields": {"student": 4, "subject": 22, "taken": false, "taken_date": "2025-04-11T12:30:59.932Z"}}, {"model": "studentSubjectCheckList.studentsubjectchecklist", "pk": 128, "fields": {"student": 4, "subject": 23, "taken": false, "taken_date": "2025-04-11T12:30:59.939Z"}}, {"model": "studentSubjectCheckList.studentsubjectchecklist", "pk": 129, "fields": {"student": 4, "subject": 24, "taken": false, "taken_date": "2025-04-11T12:30:59.945Z"}}, {"model": "studentSubjectCheckList.studentsubjectchecklist", "pk": 130, "fields": {"student": 4, "subject": 26, "taken": false, "taken_date": "2025-04-11T12:30:59.966Z"}}, {"model": "studentSubjectCheckList.studentsubjectchecklist", "pk": 131, "fields": {"student": 4, "subject": 27, "taken": false, "taken_date": "2025-04-11T12:30:59.975Z"}}, {"model": "studentSubjectCheckList.studentsubjectchecklist", "pk": 132, "fields": {"student": 4, "subject": 28, "taken": false, "taken_date": "2025-04-11T12:31:00.443Z"}}, {"model": "studentSubjectCheckList.studentsubjectchecklist", "pk": 133, "fields": {"student": 4, "subject": 29, "taken": false, "taken_date": "2025-04-11T12:31:00.449Z"}}, {"model": "studentSubjectCheckList.studentsubjectchecklist", "pk": 134, "fields": {"student": 4, "subject": 19, "taken": false, "taken_date": "2025-04-11T12:31:00.456Z"}}, {"model": "studentSubjectCheckList.studentsubjectchecklist", "pk": 135, "fields": {"student": 4, "subject": 25, "taken": false, "taken_date": "2025-04-11T12:31:00.477Z"}}, {"model": "studentSubjectCheckList.studentsubjectchecklist", "pk": 136, "fields": {"student": 4, "subject": 31, "taken": false, "taken_date": "2025-04-11T12:31:00.487Z"}}, {"model": "studentSubjectCheckList.studentsubjectchecklist", "pk": 137, "fields": {"student": 4, "subject": 32, "taken": false, "taken_date": "2025-04-11T12:31:00.510Z"}}, {"model": "studentSubjectCheckList.studentsubjectchecklist", "pk": 138, "fields": {"student": 4, "subject": 34, "taken": false, "taken_date": "2025-04-11T12:31:00.932Z"}}, {"model": "studentSubjectCheckList.studentsubjectchecklist", "pk": 139, "fields": {"student": 4, "subject": 35, "taken": false, "taken_date": "2025-04-11T12:31:00.942Z"}}, {"model": "studentSubjectCheckList.studentsubjectchecklist", "pk": 140, "fields": {"student": 4, "subject": 36, "taken": false, "taken_date": "2025-04-11T12:31:00.949Z"}}, {"model": "studentSubjectCheckList.studentsubjectchecklist", "pk": 141, "fields": {"student": 4, "subject": 37, "taken": false, "taken_date": "2025-04-11T12:31:00.959Z"}}, {"model": "studentSubjectCheckList.studentsubjectchecklist", "pk": 142, "fields": {"student": 4, "subject": 33, "taken": false, "taken_date": "2025-04-11T12:31:00.965Z"}}, {"model": "studentSubjectCheckList.studentsubjectchecklist", "pk": 143, "fields": {"student": 4, "subject": 30, "taken": false, "taken_date": "2025-04-11T12:31:00.976Z"}}, {"model": "studentSubjectCheckList.studentsubjectchecklist", "pk": 144, "fields": {"student": 4, "subject": 38, "taken": false, "taken_date": "2025-04-11T12:31:01.476Z"}}, {"model": "studentSubjectCheckList.studentsubjectchecklist", "pk": 145, "fields": {"student": 4, "subject": 39, "taken": false, "taken_date": "2025-04-11T12:31:01.482Z"}}, {"model": "studentSubjectCheckList.studentsubjectchecklist", "pk": 146, "fields": {"student": 4, "subject": 40, "taken": false, "taken_date": "2025-04-11T12:31:01.510Z"}}, {"model": "studentSubjectCheckList.studentsubjectchecklist", "pk": 147, "fields": {"student": 4, "subject": 41, "taken": false, "taken_date": "2025-04-11T12:31:01.581Z"}}, {"model": "studentSubjectCheckList.studentsubjectchecklist", "pk": 148, "fields": {"student": 4, "subject": 42, "taken": false, "taken_date": "2025-04-11T12:31:01.612Z"}}, {"model": "studentSubjectCheckList.studentsubjectchecklist", "pk": 149, "fields": {"student": 4, "subject": 43, "taken": false, "taken_date": "2025-04-11T12:31:01.630Z"}}, {"model": "studentSubjectCheckList.studentsubjectchecklist", "pk": 150, "fields": {"student": 4, "subject": 44, "taken": false, "taken_date": "2025-04-11T12:31:01.958Z"}}, {"model": "studentSubjectCheckList.studentsubjectchecklist", "pk": 151, "fields": {"student": 4, "subject": 46, "taken": false, "taken_date": "2025-04-11T12:31:01.965Z"}}, {"model": "studentSubjectCheckList.studentsubjectchecklist", "pk": 152, "fields": {"student": 4, "subject": 47, "taken": false, "taken_date": "2025-04-11T12:31:02.376Z"}}, {"model": "studentSubjectCheckList.studentsubjectchecklist", "pk": 153, "fields": {"student": 4, "subject": 48, "taken": false, "taken_date": "2025-04-11T12:31:02.383Z"}}, {"model": "studentSubjectCheckList.studentsubjectchecklist", "pk": 154, "fields": {"student": 4, "subject": 49, "taken": false, "taken_date": "2025-04-11T12:31:02.394Z"}}, {"model": "studentSubjectCheckList.studentsubjectchecklist", "pk": 155, "fields": {"student": 4, "subject": 50, "taken": false, "taken_date": "2025-04-11T12:31:02.402Z"}}, {"model": "studentSubjectCheckList.studentsubjectchecklist", "pk": 156, "fields": {"student": 4, "subject": 51, "taken": false, "taken_date": "2025-04-11T12:31:02.846Z"}}, {"model": "studentSubjectCheckList.studentsubjectchecklist", "pk": 157, "fields": {"student": 4, "subject": 52, "taken": false, "taken_date": "2025-04-11T12:31:02.855Z"}}, {"model": "studentSubjectCheckList.studentsubjectchecklist", "pk": 158, "fields": {"student": 4, "subject": 53, "taken": false, "taken_date": "2025-04-11T12:31:02.874Z"}}, {"model": "studentSubjectCheckList.studentsubjectchecklist", "pk": 159, "fields": {"student": 4, "subject": 54, "taken": false, "taken_date": "2025-04-11T12:31:02.880Z"}}, {"model": "studentRegistration.studentregistration", "pk": 4, "fields": {"student": 1, "preferred_section": "Section A", "preferred_time_start": "07:30:00", "preferred_time_end": "19:30:00", "preferred_class_days": "Monday,Wednesday,Friday", "selected_minor_subjects": "38,41,43,44", "additional_comments": "", "registration_date": "2025-04-14T12:21:37.698Z", "completed": true, "completed_at": "2025-04-14T12:43:58.460Z", "registration_form_image": "registration_forms/dee69b01-ce0e-429c-ac56-108664afb1cb_KIoAzmv.jfif", "submitted": true}}, {"model": "studentRegistration.registrationwindow", "pk": 1, "fields": {"start_date": "2025-03-29", "start_time": "00:00:00", "end_date": "2025-04-01", "end_time": "00:00:00", "is_open": true}}, {"model": "systemLogs.logs", "pk": 1, "fields": {"datelog": "2025-04-12", "timelog": "09:07:00", "module": "Subject Management", "action": "Update Subject", "performed_to": "subject: ITC110 - Introduction to Computing", "performed_by": "username: root - , "}}, {"model": "systemLogs.logs", "pk": 2, "fields": {"datelog": "2025-04-14", "timelog": "18:03:00", "module": "Student-Subject Checklist", "action": "Check Subject", "performed_to": "student: 112341235 - subject: 16 - Computer Architecture", "performed_by": "username: root - , "}}, {"model": "systemLogs.logs", "pk": 3, "fields": {"datelog": "2025-04-14", "timelog": "18:03:00", "module": "Student-Subject Checklist", "action": "Check Subject", "performed_to": "student: 112341235 - subject: 7 - Applications Dev't and Emerging Tech", "performed_by": "username: root - , "}}, {"model": "systemLogs.logs", "pk": 4, "fields": {"datelog": "2025-04-14", "timelog": "18:03:00", "module": "Student-Subject Checklist", "action": "Check Subject", "performed_to": "student: 112341235 - subject: 8 - Fundamentals of Database Systems", "performed_by": "username: root - , "}}, {"model": "systemLogs.logs", "pk": 5, "fields": {"datelog": "2025-04-14", "timelog": "18:03:00", "module": "Student-Subject Checklist", "action": "Check Subject", "performed_to": "student: 112341235 - subject: 9 - Data Stuctures and Algorithm", "performed_by": "username: root - , "}}, {"model": "systemLogs.logs", "pk": 6, "fields": {"datelog": "2025-04-14", "timelog": "18:03:00", "module": "Student-Subject Checklist", "action": "Check Subject", "performed_to": "student: 112341235 - subject: 12 - Probability and Statistics", "performed_by": "username: root - , "}}, {"model": "systemLogs.logs", "pk": 7, "fields": {"datelog": "2025-04-14", "timelog": "18:03:00", "module": "Student-Subject Checklist", "action": "Check Subject", "performed_to": "student: 112341235 - subject: 15 - Digital Design and Electronics", "performed_by": "username: root - , "}}, {"model": "systemLogs.logs", "pk": 8, "fields": {"datelog": "2025-04-14", "timelog": "18:03:00", "module": "Student-Subject Checklist", "action": "Check Subject", "performed_to": "student: 112341235 - subject: 20 - Software Engineering 1", "performed_by": "username: root - , "}}, {"model": "systemLogs.logs", "pk": 9, "fields": {"datelog": "2025-04-14", "timelog": "18:03:00", "module": "Student-Subject Checklist", "action": "Check Subject", "performed_to": "student: 112341235 - subject: 21 - Computer Programming 3", "performed_by": "username: root - , "}}, {"model": "systemLogs.logs", "pk": 10, "fields": {"datelog": "2025-04-14", "timelog": "18:03:00", "module": "Student-Subject Checklist", "action": "Check Subject", "performed_to": "student: 112341235 - subject: 22 - Algorithms and Complexity", "performed_by": "username: root - , "}}, {"model": "systemLogs.logs", "pk": 11, "fields": {"datelog": "2025-04-14", "timelog": "18:03:00", "module": "Student-Subject Checklist", "action": "Check Subject", "performed_to": "student: 112341235 - subject: 23 - Elective 1", "performed_by": "username: root - , "}}, {"model": "systemLogs.logs", "pk": 12, "fields": {"datelog": "2025-04-14", "timelog": "20:30:00", "module": "Student Registration - Subject Checklist", "action": "Check Subject", "performed_to": "student: 112341235 - subject: CS223 - Discrete Structures 2", "performed_by": "username: root - , "}}, {"model": "systemLogs.logs", "pk": 13, "fields": {"datelog": "2025-04-14", "timelog": "20:43:00", "module": "Student Registration", "action": "Complete Registration", "performed_to": "student: 112341235 - Jerdan Gondayao", "performed_by": "username: root - , "}}, {"model": "auth.permission", "fields": {"name": "Can add log entry", "content_type": ["admin", "logentry"], "codename": "add_logentry"}}, {"model": "auth.permission", "fields": {"name": "Can change log entry", "content_type": ["admin", "logentry"], "codename": "change_logentry"}}, {"model": "auth.permission", "fields": {"name": "Can delete log entry", "content_type": ["admin", "logentry"], "codename": "delete_logentry"}}, {"model": "auth.permission", "fields": {"name": "Can view log entry", "content_type": ["admin", "logentry"], "codename": "view_logentry"}}, {"model": "auth.permission", "fields": {"name": "Can add permission", "content_type": ["auth", "permission"], "codename": "add_permission"}}, {"model": "auth.permission", "fields": {"name": "Can change permission", "content_type": ["auth", "permission"], "codename": "change_permission"}}, {"model": "auth.permission", "fields": {"name": "Can delete permission", "content_type": ["auth", "permission"], "codename": "delete_permission"}}, {"model": "auth.permission", "fields": {"name": "Can view permission", "content_type": ["auth", "permission"], "codename": "view_permission"}}, {"model": "auth.permission", "fields": {"name": "Can add group", "content_type": ["auth", "group"], "codename": "add_group"}}, {"model": "auth.permission", "fields": {"name": "Can change group", "content_type": ["auth", "group"], "codename": "change_group"}}, {"model": "auth.permission", "fields": {"name": "Can delete group", "content_type": ["auth", "group"], "codename": "delete_group"}}, {"model": "auth.permission", "fields": {"name": "Can view group", "content_type": ["auth", "group"], "codename": "view_group"}}, {"model": "auth.permission", "fields": {"name": "Can add content type", "content_type": ["contenttypes", "contenttype"], "codename": "add_contenttype"}}, {"model": "auth.permission", "fields": {"name": "Can change content type", "content_type": ["contenttypes", "contenttype"], "codename": "change_contenttype"}}, {"model": "auth.permission", "fields": {"name": "Can delete content type", "content_type": ["contenttypes", "contenttype"], "codename": "delete_contenttype"}}, {"model": "auth.permission", "fields": {"name": "Can view content type", "content_type": ["contenttypes", "contenttype"], "codename": "view_contenttype"}}, {"model": "auth.permission", "fields": {"name": "Can add session", "content_type": ["sessions", "session"], "codename": "add_session"}}, {"model": "auth.permission", "fields": {"name": "Can change session", "content_type": ["sessions", "session"], "codename": "change_session"}}, {"model": "auth.permission", "fields": {"name": "Can delete session", "content_type": ["sessions", "session"], "codename": "delete_session"}}, {"model": "auth.permission", "fields": {"name": "Can view session", "content_type": ["sessions", "session"], "codename": "view_session"}}, {"model": "auth.permission", "fields": {"name": "Can add department", "content_type": ["accounts", "department"], "codename": "add_department"}}, {"model": "auth.permission", "fields": {"name": "Can change department", "content_type": ["accounts", "department"], "codename": "change_department"}}, {"model": "auth.permission", "fields": {"name": "Can delete department", "content_type": ["accounts", "department"], "codename": "delete_department"}}, {"model": "auth.permission", "fields": {"name": "Can view department", "content_type": ["accounts", "department"], "codename": "view_department"}}, {"model": "auth.permission", "fields": {"name": "Can add user", "content_type": ["accounts", "customuser"], "codename": "add_customuser"}}, {"model": "auth.permission", "fields": {"name": "Can change user", "content_type": ["accounts", "customuser"], "codename": "change_customuser"}}, {"model": "auth.permission", "fields": {"name": "Can delete user", "content_type": ["accounts", "customuser"], "codename": "delete_customuser"}}, {"model": "auth.permission", "fields": {"name": "Can view user", "content_type": ["accounts", "customuser"], "codename": "view_customuser"}}, {"model": "auth.permission", "fields": {"name": "Can add enrollment officer profile", "content_type": ["accounts", "enrollmentofficerprofile"], "codename": "add_enrollmentofficerprofile"}}, {"model": "auth.permission", "fields": {"name": "Can change enrollment officer profile", "content_type": ["accounts", "enrollmentofficerprofile"], "codename": "change_enrollmentofficerprofile"}}, {"model": "auth.permission", "fields": {"name": "Can delete enrollment officer profile", "content_type": ["accounts", "enrollmentofficerprofile"], "codename": "delete_enrollmentofficerprofile"}}, {"model": "auth.permission", "fields": {"name": "Can view enrollment officer profile", "content_type": ["accounts", "enrollmentofficerprofile"], "codename": "view_enrollmentofficerprofile"}}, {"model": "auth.permission", "fields": {"name": "Can add program", "content_type": ["accounts", "program"], "codename": "add_program"}}, {"model": "auth.permission", "fields": {"name": "Can change program", "content_type": ["accounts", "program"], "codename": "change_program"}}, {"model": "auth.permission", "fields": {"name": "Can delete program", "content_type": ["accounts", "program"], "codename": "delete_program"}}, {"model": "auth.permission", "fields": {"name": "Can view program", "content_type": ["accounts", "program"], "codename": "view_program"}}, {"model": "auth.permission", "fields": {"name": "Can add student profile", "content_type": ["accounts", "studentprofile"], "codename": "add_studentprofile"}}, {"model": "auth.permission", "fields": {"name": "Can change student profile", "content_type": ["accounts", "studentprofile"], "codename": "change_studentprofile"}}, {"model": "auth.permission", "fields": {"name": "Can delete student profile", "content_type": ["accounts", "studentprofile"], "codename": "delete_studentprofile"}}, {"model": "auth.permission", "fields": {"name": "Can view student profile", "content_type": ["accounts", "studentprofile"], "codename": "view_studentprofile"}}, {"model": "auth.permission", "fields": {"name": "Can add subject", "content_type": ["subjects", "subject"], "codename": "add_subject"}}, {"model": "auth.permission", "fields": {"name": "Can change subject", "content_type": ["subjects", "subject"], "codename": "change_subject"}}, {"model": "auth.permission", "fields": {"name": "Can delete subject", "content_type": ["subjects", "subject"], "codename": "delete_subject"}}, {"model": "auth.permission", "fields": {"name": "Can view subject", "content_type": ["subjects", "subject"], "codename": "view_subject"}}, {"model": "auth.permission", "fields": {"name": "Can add student subject checklist", "content_type": ["subjects", "studentsubjectchecklist"], "codename": "add_studentsubjectchecklist"}}, {"model": "auth.permission", "fields": {"name": "Can change student subject checklist", "content_type": ["subjects", "studentsubjectchecklist"], "codename": "change_studentsubjectchecklist"}}, {"model": "auth.permission", "fields": {"name": "Can delete student subject checklist", "content_type": ["subjects", "studentsubjectchecklist"], "codename": "delete_studentsubjectchecklist"}}, {"model": "auth.permission", "fields": {"name": "Can view student subject checklist", "content_type": ["subjects", "studentsubjectchecklist"], "codename": "view_studentsubjectchecklist"}}, {"model": "auth.permission", "fields": {"name": "Can add Student Subject Checklist", "content_type": ["studentSubjectCheckList", "studentsubjectchecklist"], "codename": "add_studentsubjectchecklist"}}, {"model": "auth.permission", "fields": {"name": "Can change Student Subject Checklist", "content_type": ["studentSubjectCheckList", "studentsubjectchecklist"], "codename": "change_studentsubjectchecklist"}}, {"model": "auth.permission", "fields": {"name": "Can delete Student Subject Checklist", "content_type": ["studentSubjectCheckList", "studentsubjectchecklist"], "codename": "delete_studentsubjectchecklist"}}, {"model": "auth.permission", "fields": {"name": "Can view Student Subject Checklist", "content_type": ["studentSubjectCheckList", "studentsubjectchecklist"], "codename": "view_studentsubjectchecklist"}}, {"model": "auth.permission", "fields": {"name": "Can add registration window", "content_type": ["studentRegistration", "registrationwindow"], "codename": "add_registrationwindow"}}, {"model": "auth.permission", "fields": {"name": "Can change registration window", "content_type": ["studentRegistration", "registrationwindow"], "codename": "change_registrationwindow"}}, {"model": "auth.permission", "fields": {"name": "Can delete registration window", "content_type": ["studentRegistration", "registrationwindow"], "codename": "delete_registrationwindow"}}, {"model": "auth.permission", "fields": {"name": "Can view registration window", "content_type": ["studentRegistration", "registrationwindow"], "codename": "view_registrationwindow"}}, {"model": "auth.permission", "fields": {"name": "Can add student registration", "content_type": ["studentRegistration", "studentregistration"], "codename": "add_studentregistration"}}, {"model": "auth.permission", "fields": {"name": "Can change student registration", "content_type": ["studentRegistration", "studentregistration"], "codename": "change_studentregistration"}}, {"model": "auth.permission", "fields": {"name": "Can delete student registration", "content_type": ["studentRegistration", "studentregistration"], "codename": "delete_studentregistration"}}, {"model": "auth.permission", "fields": {"name": "Can view student registration", "content_type": ["studentRegistration", "studentregistration"], "codename": "view_studentregistration"}}, {"model": "auth.permission", "fields": {"name": "Can add logs", "content_type": ["systemLogs", "logs"], "codename": "add_logs"}}, {"model": "auth.permission", "fields": {"name": "Can change logs", "content_type": ["systemLogs", "logs"], "codename": "change_logs"}}, {"model": "auth.permission", "fields": {"name": "Can delete logs", "content_type": ["systemLogs", "logs"], "codename": "delete_logs"}}, {"model": "auth.permission", "fields": {"name": "Can view logs", "content_type": ["systemLogs", "logs"], "codename": "view_logs"}}, {"model": "accounts.customuser", "fields": {"password": "pbkdf2_sha256$870000$zjnYGbdj3vMB23fEAewIyR$KfIC95E8lGfTIiEZXfEUTRFmtvCZUw8/ccmxoIA5L9E=", "last_login": "2025-04-14T12:59:40.030Z", "is_superuser": true, "username": "root", "first_name": "", "last_name": "", "is_staff": true, "is_active": true, "date_joined": "2025-03-22T05:53:44.205Z", "role": "ADMIN", "email": "jdgonzdayao@gmail.com", "created_by": null, "groups": [], "user_permissions": []}}, {"model": "accounts.customuser", "fields": {"password": "pbkdf2_sha256$870000$d9XUfwgLU8O1PYq8cEDG1c$lyLhWkZJU5iWsjZZsxSpI4TC0VFlAKa53AM0SKqBgY8=", "last_login": "2025-04-14T12:44:10.024Z", "is_superuser": false, "username": "user", "first_name": "Jerdan", "last_name": "Gondayao", "is_staff": false, "is_active": true, "date_joined": "2025-03-22T06:17:39.198Z", "role": "STUDENT", "email": "jdgonzdayao@gmail.com", "created_by": ["root"], "groups": [], "user_permissions": []}}, {"model": "accounts.customuser", "fields": {"password": "pbkdf2_sha256$870000$I0Mjr7Da1LSQboYpXClEuC$a3lLR5VUZUCPsbOzlcXCb8d4zcgxAQXru7mppCVlxdM=", "last_login": null, "is_superuser": true, "username": "admin", "first_name": "Jerdan", "last_name": "Gondayao", "is_staff": true, "is_active": false, "date_joined": "2025-03-22T06:41:01.436Z", "role": "ADMIN", "email": "jdgonzdayao@gmail.com", "created_by": ["root"], "groups": [], "user_permissions": []}}, {"model": "accounts.customuser", "fields": {"password": "pbkdf2_sha256$870000$VbUhzCUJjxoDkfleI5nKtt$5UQxPXRR0+vGR2J6nYyVvUtWi7yZ/bOivI98rwtvEKw=", "last_login": "2025-04-15T00:06:54.701Z", "is_superuser": false, "username": "officer", "first_name": "Jerdan", "last_name": "Gondayao", "is_staff": false, "is_active": true, "date_joined": "2025-03-22T06:43:27.111Z", "role": "OFFICER", "email": "jdgonzdayao@gmail.com", "created_by": ["root"], "groups": [], "user_permissions": []}}, {"model": "accounts.customuser", "fields": {"password": "pbkdf2_sha256$870000$KxKsiiF9wPyglubB4tvme0$1c8kFV9AuSRsbM91vpdezvSQZwQh53FdtIumdWRu29I=", "last_login": "2025-04-02T06:32:18.512Z", "is_superuser": false, "username": "tanquion", "first_name": "Johnmer", "last_name": "Tanqui-on", "is_staff": false, "is_active": true, "date_joined": "2025-04-02T06:31:37.455Z", "role": "STUDENT", "email": "tanquion@gmail.com", "created_by": ["root"], "groups": [], "user_permissions": []}}, {"model": "accounts.customuser", "fields": {"password": "pbkdf2_sha256$870000$9ycENaTKcS5GHke0v2mZzp$AT0UhoBzfiyWzaR2jgyH9POSwLFBpWD6tD8+Qyr7YgQ=", "last_login": "2025-04-11T12:27:30.697Z", "is_superuser": false, "username": "23-01480", "first_name": "Jerdan", "last_name": "Gondayao", "is_staff": false, "is_active": true, "date_joined": "2025-04-11T12:27:16.037Z", "role": "STUDENT", "email": "jdgonzdayao@gmail.com", "created_by": ["root"], "groups": [], "user_permissions": []}}, {"model": "accounts.studentprofile", "pk": 1, "fields": {"user": ["user"], "student_id": "112341235", "program": 1, "year_level": 4, "department": 1}}, {"model": "accounts.studentprofile", "pk": 3, "fields": {"user": ["tanquion"], "student_id": "40932174", "program": 1, "year_level": 2, "department": 1}}, {"model": "accounts.studentprofile", "pk": 4, "fields": {"user": ["23-01480"], "student_id": "23-01480", "program": 1, "year_level": 2, "department": 1}}, {"model": "accounts.enrollmentofficerprofile", "pk": 1, "fields": {"user": ["officer"], "department": 1, "office_number": ""}}, {"model": "admin.logentry", "pk": 1, "fields": {"action_time": "2025-03-22T05:54:52.865Z", "user": ["root"], "content_type": ["accounts", "department"], "object_id": "1", "object_repr": "School of Computer Studies", "action_flag": 1, "change_message": "[{\"added\": {}}]"}}, {"model": "admin.logentry", "pk": 2, "fields": {"action_time": "2025-03-22T05:54:58.538Z", "user": ["root"], "content_type": ["accounts", "program"], "object_id": "1", "object_repr": "BSCS", "action_flag": 1, "change_message": "[{\"added\": {}}]"}}, {"model": "admin.logentry", "pk": 3, "fields": {"action_time": "2025-03-22T05:55:04.333Z", "user": ["root"], "content_type": ["accounts", "program"], "object_id": "2", "object_repr": "BSIT", "action_flag": 1, "change_message": "[{\"added\": {}}]"}}, {"model": "admin.logentry", "pk": 4, "fields": {"action_time": "2025-03-22T06:32:38.372Z", "user": ["root"], "content_type": ["accounts", "customuser"], "object_id": "3", "object_repr": "admin (ADMIN)", "action_flag": 3, "change_message": ""}}, {"model": "admin.logentry", "pk": 5, "fields": {"action_time": "2025-03-22T06:39:04.301Z", "user": ["root"], "content_type": ["accounts", "customuser"], "object_id": "4", "object_repr": "admin (ADMIN)", "action_flag": 3, "change_message": ""}}, {"model": "admin.logentry", "pk": 6, "fields": {"action_time": "2025-03-22T06:40:46.366Z", "user": ["root"], "content_type": ["accounts", "customuser"], "object_id": "5", "object_repr": "admin (ADMIN)", "action_flag": 3, "change_message": ""}}, {"model": "admin.logentry", "pk": 7, "fields": {"action_time": "2025-03-22T11:00:02.252Z", "user": ["root"], "content_type": ["subjects", "subject"], "object_id": "1", "object_repr": "ITC110 - Introduction to Computing", "action_flag": 1, "change_message": "[{\"added\": {}}]"}}, {"model": "admin.logentry", "pk": 8, "fields": {"action_time": "2025-03-22T11:01:14.239Z", "user": ["root"], "content_type": ["subjects", "subject"], "object_id": "2", "object_repr": "ITC 111 - Computer Programming 1", "action_flag": 1, "change_message": "[{\"added\": {}}]"}}, {"model": "admin.logentry", "pk": 9, "fields": {"action_time": "2025-03-22T11:01:23.647Z", "user": ["root"], "content_type": ["subjects", "subject"], "object_id": "1", "object_repr": "ITC110 - Introduction to Computing", "action_flag": 2, "change_message": "[{\"changed\": {\"fields\": [\"Programs\"]}}]"}}, {"model": "admin.logentry", "pk": 10, "fields": {"action_time": "2025-03-22T11:01:40.310Z", "user": ["root"], "content_type": ["subjects", "subject"], "object_id": "2", "object_repr": "ITC111 - Computer Programming 1", "action_flag": 2, "change_message": "[{\"changed\": {\"fields\": [\"Code\"]}}]"}}, {"model": "admin.logentry", "pk": 11, "fields": {"action_time": "2025-03-22T11:02:18.267Z", "user": ["root"], "content_type": ["subjects", "subject"], "object_id": "3", "object_repr": "ITC112 - Intro to Graphics and Design", "action_flag": 1, "change_message": "[{\"added\": {}}]"}}, {"model": "admin.logentry", "pk": 12, "fields": {"action_time": "2025-03-22T11:03:23.027Z", "user": ["root"], "content_type": ["subjects", "subject"], "object_id": "3", "object_repr": "ITC112 - Intro to Graphics and Design", "action_flag": 3, "change_message": ""}}, {"model": "admin.logentry", "pk": 13, "fields": {"action_time": "2025-03-22T11:03:23.027Z", "user": ["root"], "content_type": ["subjects", "subject"], "object_id": "2", "object_repr": "ITC111 - Computer Programming 1", "action_flag": 3, "change_message": ""}}, {"model": "admin.logentry", "pk": 14, "fields": {"action_time": "2025-03-22T11:03:23.027Z", "user": ["root"], "content_type": ["subjects", "subject"], "object_id": "1", "object_repr": "ITC110 - Introduction to Computing", "action_flag": 3, "change_message": ""}}, {"model": "admin.logentry", "pk": 15, "fields": {"action_time": "2025-03-22T11:06:28.928Z", "user": ["root"], "content_type": ["subjects", "subject"], "object_id": "1", "object_repr": "ITC110 - Introduction to Computing", "action_flag": 1, "change_message": "[{\"added\": {}}]"}}, {"model": "admin.logentry", "pk": 16, "fields": {"action_time": "2025-03-22T11:06:54.447Z", "user": ["root"], "content_type": ["subjects", "subject"], "object_id": "2", "object_repr": "ITC111 - Computer Programming 1", "action_flag": 1, "change_message": "[{\"added\": {}}]"}}, {"model": "admin.logentry", "pk": 17, "fields": {"action_time": "2025-03-22T11:07:41.990Z", "user": ["root"], "content_type": ["subjects", "subject"], "object_id": "3", "object_repr": "ITC112 - Intro to Graphics and Design", "action_flag": 1, "change_message": "[{\"added\": {}}]"}}, {"model": "admin.logentry", "pk": 18, "fields": {"action_time": "2025-03-22T11:08:28.156Z", "user": ["root"], "content_type": ["subjects", "subject"], "object_id": "4", "object_repr": "ITC120 - Computer Programming 2", "action_flag": 1, "change_message": "[{\"added\": {}}]"}}, {"model": "admin.logentry", "pk": 19, "fields": {"action_time": "2025-03-22T11:08:56.253Z", "user": ["root"], "content_type": ["subjects", "subject"], "object_id": "5", "object_repr": "ITC121 - Operating Systems", "action_flag": 1, "change_message": "[{\"added\": {}}]"}}, {"model": "admin.logentry", "pk": 20, "fields": {"action_time": "2025-03-22T11:09:23.689Z", "user": ["root"], "content_type": ["subjects", "subject"], "object_id": "6", "object_repr": "ITC122 - Intro to Web Design", "action_flag": 1, "change_message": "[{\"added\": {}}]"}}, {"model": "admin.logentry", "pk": 21, "fields": {"action_time": "2025-03-22T11:09:41.615Z", "user": ["root"], "content_type": ["subjects", "subject"], "object_id": "4", "object_repr": "ITC120 - Computer Programming 2", "action_flag": 2, "change_message": "[{\"changed\": {\"fields\": [\"Prerequisites\"]}}]"}}, {"model": "admin.logentry", "pk": 22, "fields": {"action_time": "2025-03-22T11:10:02.554Z", "user": ["root"], "content_type": ["subjects", "subject"], "object_id": "5", "object_repr": "ITC121 - Operating Systems", "action_flag": 2, "change_message": "[{\"changed\": {\"fields\": [\"Prerequisites\"]}}]"}}, {"model": "admin.logentry", "pk": 23, "fields": {"action_time": "2025-03-22T11:10:13.985Z", "user": ["root"], "content_type": ["subjects", "subject"], "object_id": "6", "object_repr": "ITC122 - Intro to Web Design", "action_flag": 2, "change_message": "[]"}}, {"model": "admin.logentry", "pk": 24, "fields": {"action_time": "2025-03-22T11:10:23.157Z", "user": ["root"], "content_type": ["subjects", "subject"], "object_id": "6", "object_repr": "ITC122 - Intro to Web Design", "action_flag": 2, "change_message": "[{\"changed\": {\"fields\": [\"Prerequisites\"]}}]"}}, {"model": "admin.logentry", "pk": 25, "fields": {"action_time": "2025-03-22T11:11:24.564Z", "user": ["root"], "content_type": ["subjects", "subject"], "object_id": "7", "object_repr": "ITC 123 - Applications Dev't and Emerging Tech", "action_flag": 1, "change_message": "[{\"added\": {}}]"}}, {"model": "admin.logentry", "pk": 26, "fields": {"action_time": "2025-03-22T11:12:21.141Z", "user": ["root"], "content_type": ["subjects", "subject"], "object_id": "8", "object_repr": "ITC124 - Fundamentals of Database Systems", "action_flag": 1, "change_message": "[{\"added\": {}}]"}}, {"model": "admin.logentry", "pk": 27, "fields": {"action_time": "2025-03-22T11:12:37.995Z", "user": ["root"], "content_type": ["subjects", "subject"], "object_id": "7", "object_repr": "ITC123 - Applications Dev't and Emerging Tech", "action_flag": 2, "change_message": "[{\"changed\": {\"fields\": [\"Code\", \"Prerequisites\"]}}]"}}, {"model": "admin.logentry", "pk": 28, "fields": {"action_time": "2025-03-22T11:13:29.875Z", "user": ["root"], "content_type": ["subjects", "subject"], "object_id": "9", "object_repr": "ITC125 - Data Stuctures and Algorithm", "action_flag": 1, "change_message": "[{\"added\": {}}]"}}, {"model": "admin.logentry", "pk": 29, "fields": {"action_time": "2025-03-22T11:14:55.893Z", "user": ["root"], "content_type": ["subjects", "subject"], "object_id": "10", "object_repr": "CS210 - Discrete Structures 1", "action_flag": 1, "change_message": "[{\"added\": {}}]"}}, {"model": "admin.logentry", "pk": 30, "fields": {"action_time": "2025-03-22T11:37:44.027Z", "user": ["root"], "content_type": ["subjects", "subject"], "object_id": "11", "object_repr": "CS 211 - Object-oriented Programming", "action_flag": 1, "change_message": "[{\"added\": {}}]"}}, {"model": "admin.logentry", "pk": 31, "fields": {"action_time": "2025-03-22T11:38:21.542Z", "user": ["root"], "content_type": ["subjects", "subject"], "object_id": "11", "object_repr": "CS211 - Object-oriented Programming", "action_flag": 2, "change_message": "[{\"changed\": {\"fields\": [\"Code\"]}}]"}}, {"model": "admin.logentry", "pk": 32, "fields": {"action_time": "2025-03-22T11:45:09.910Z", "user": ["root"], "content_type": ["subjects", "subject"], "object_id": "11", "object_repr": "CS211 - Object-oriented Programming", "action_flag": 2, "change_message": "[{\"changed\": {\"fields\": [\"Departments\"]}}]"}}, {"model": "admin.logentry", "pk": 33, "fields": {"action_time": "2025-03-22T11:45:18.307Z", "user": ["root"], "content_type": ["subjects", "subject"], "object_id": "10", "object_repr": "CS210 - Discrete Structures 1", "action_flag": 2, "change_message": "[{\"changed\": {\"fields\": [\"Departments\"]}}]"}}, {"model": "admin.logentry", "pk": 34, "fields": {"action_time": "2025-03-22T11:45:23.898Z", "user": ["root"], "content_type": ["subjects", "subject"], "object_id": "9", "object_repr": "ITC125 - Data Stuctures and Algorithm", "action_flag": 2, "change_message": "[{\"changed\": {\"fields\": [\"Departments\"]}}]"}}, {"model": "admin.logentry", "pk": 35, "fields": {"action_time": "2025-03-22T11:45:30.794Z", "user": ["root"], "content_type": ["subjects", "subject"], "object_id": "8", "object_repr": "ITC124 - Fundamentals of Database Systems", "action_flag": 2, "change_message": "[{\"changed\": {\"fields\": [\"Departments\"]}}]"}}, {"model": "admin.logentry", "pk": 36, "fields": {"action_time": "2025-03-22T11:45:34.632Z", "user": ["root"], "content_type": ["subjects", "subject"], "object_id": "7", "object_repr": "ITC123 - Applications Dev't and Emerging Tech", "action_flag": 2, "change_message": "[{\"changed\": {\"fields\": [\"Departments\"]}}]"}}, {"model": "admin.logentry", "pk": 37, "fields": {"action_time": "2025-03-22T11:45:38.345Z", "user": ["root"], "content_type": ["subjects", "subject"], "object_id": "6", "object_repr": "ITC122 - Intro to Web Design", "action_flag": 2, "change_message": "[{\"changed\": {\"fields\": [\"Departments\"]}}]"}}, {"model": "admin.logentry", "pk": 38, "fields": {"action_time": "2025-03-22T11:45:43.109Z", "user": ["root"], "content_type": ["subjects", "subject"], "object_id": "5", "object_repr": "ITC121 - Operating Systems", "action_flag": 2, "change_message": "[{\"changed\": {\"fields\": [\"Departments\"]}}]"}}, {"model": "admin.logentry", "pk": 39, "fields": {"action_time": "2025-03-22T11:45:47.064Z", "user": ["root"], "content_type": ["subjects", "subject"], "object_id": "4", "object_repr": "ITC120 - Computer Programming 2", "action_flag": 2, "change_message": "[{\"changed\": {\"fields\": [\"Departments\"]}}]"}}, {"model": "admin.logentry", "pk": 40, "fields": {"action_time": "2025-03-22T11:45:51.771Z", "user": ["root"], "content_type": ["subjects", "subject"], "object_id": "3", "object_repr": "ITC112 - Intro to Graphics and Design", "action_flag": 2, "change_message": "[{\"changed\": {\"fields\": [\"Departments\"]}}]"}}, {"model": "admin.logentry", "pk": 41, "fields": {"action_time": "2025-03-22T11:45:55.264Z", "user": ["root"], "content_type": ["subjects", "subject"], "object_id": "2", "object_repr": "ITC111 - Computer Programming 1", "action_flag": 2, "change_message": "[{\"changed\": {\"fields\": [\"Departments\"]}}]"}}, {"model": "admin.logentry", "pk": 42, "fields": {"action_time": "2025-03-22T11:45:58.738Z", "user": ["root"], "content_type": ["subjects", "subject"], "object_id": "1", "object_repr": "ITC110 - Introduction to Computing", "action_flag": 2, "change_message": "[{\"changed\": {\"fields\": [\"Departments\"]}}]"}}, {"model": "admin.logentry", "pk": 43, "fields": {"action_time": "2025-03-22T11:50:46.535Z", "user": ["root"], "content_type": ["subjects", "subject"], "object_id": "12", "object_repr": "STAT01C - Probability and Statistics", "action_flag": 1, "change_message": "[{\"added\": {}}]"}}, {"model": "admin.logentry", "pk": 44, "fields": {"action_time": "2025-03-22T11:51:17.901Z", "user": ["root"], "content_type": ["subjects", "subject"], "object_id": "13", "object_repr": "ITC126 - Information Management", "action_flag": 1, "change_message": "[{\"added\": {}}]"}}, {"model": "admin.logentry", "pk": 45, "fields": {"action_time": "2025-03-22T11:51:44.526Z", "user": ["root"], "content_type": ["subjects", "subject"], "object_id": "14", "object_repr": "ITC127 - Advanced Database Systems", "action_flag": 1, "change_message": "[{\"added\": {}}]"}}, {"model": "admin.logentry", "pk": 46, "fields": {"action_time": "2025-03-22T11:52:24.462Z", "user": ["root"], "content_type": ["subjects", "subject"], "object_id": "15", "object_repr": "CS221 - Digital Design and Electronics", "action_flag": 1, "change_message": "[{\"added\": {}}]"}}, {"model": "admin.logentry", "pk": 47, "fields": {"action_time": "2025-03-22T11:53:28.813Z", "user": ["root"], "content_type": ["subjects", "subject"], "object_id": "16", "object_repr": "CS222 - Computer Architecture", "action_flag": 1, "change_message": "[{\"added\": {}}]"}}, {"model": "admin.logentry", "pk": 48, "fields": {"action_time": "2025-03-22T11:54:04.241Z", "user": ["root"], "content_type": ["subjects", "subject"], "object_id": "17", "object_repr": "CS223 - Discrete Structures 2", "action_flag": 1, "change_message": "[{\"added\": {}}]"}}, {"model": "admin.logentry", "pk": 49, "fields": {"action_time": "2025-03-22T11:54:35.593Z", "user": ["root"], "content_type": ["subjects", "subject"], "object_id": "18", "object_repr": "CS224 - Networks and Communication", "action_flag": 1, "change_message": "[{\"added\": {}}]"}}, {"model": "admin.logentry", "pk": 50, "fields": {"action_time": "2025-03-22T11:55:51.752Z", "user": ["root"], "content_type": ["subjects", "subject"], "object_id": "19", "object_repr": "ITC129 - Computer Org (w/Assembly Lang)", "action_flag": 1, "change_message": "[{\"added\": {}}]"}}, {"model": "admin.logentry", "pk": 51, "fields": {"action_time": "2025-03-22T11:56:15.952Z", "user": ["root"], "content_type": ["subjects", "subject"], "object_id": "20", "object_repr": "CS310 - Software Engineering 1", "action_flag": 1, "change_message": "[{\"added\": {}}]"}}, {"model": "admin.logentry", "pk": 52, "fields": {"action_time": "2025-03-22T11:56:51.616Z", "user": ["root"], "content_type": ["subjects", "subject"], "object_id": "21", "object_repr": "CS311 - Computer Programming 3", "action_flag": 1, "change_message": "[{\"added\": {}}]"}}, {"model": "admin.logentry", "pk": 53, "fields": {"action_time": "2025-03-22T11:57:25.466Z", "user": ["root"], "content_type": ["subjects", "subject"], "object_id": "22", "object_repr": "CS312 - Algorithms and Complexity", "action_flag": 1, "change_message": "[{\"added\": {}}]"}}, {"model": "admin.logentry", "pk": 54, "fields": {"action_time": "2025-03-22T11:58:09.281Z", "user": ["root"], "content_type": ["subjects", "subject"], "object_id": "23", "object_repr": "CS313 - Elective 1", "action_flag": 1, "change_message": "[{\"added\": {}}]"}}, {"model": "admin.logentry", "pk": 55, "fields": {"action_time": "2025-03-22T11:58:48.053Z", "user": ["root"], "content_type": ["subjects", "subject"], "object_id": "24", "object_repr": "CS314 - Linear Algebra", "action_flag": 1, "change_message": "[{\"added\": {}}]"}}, {"model": "admin.logentry", "pk": 56, "fields": {"action_time": "2025-03-22T11:59:16.611Z", "user": ["root"], "content_type": ["subjects", "subject"], "object_id": "25", "object_repr": "ITC130 - Computer Accounting (w/SAP)", "action_flag": 1, "change_message": "[{\"added\": {}}]"}}, {"model": "admin.logentry", "pk": 57, "fields": {"action_time": "2025-03-22T11:59:45.989Z", "user": ["root"], "content_type": ["subjects", "subject"], "object_id": "26", "object_repr": "CS320 - Software Engineering 2", "action_flag": 1, "change_message": "[{\"added\": {}}]"}}, {"model": "admin.logentry", "pk": 58, "fields": {"action_time": "2025-03-22T12:00:11.760Z", "user": ["root"], "content_type": ["subjects", "subject"], "object_id": "27", "object_repr": "CS321 - Programming Languages", "action_flag": 1, "change_message": "[{\"added\": {}}]"}}, {"model": "admin.logentry", "pk": 59, "fields": {"action_time": "2025-03-22T12:01:43.554Z", "user": ["root"], "content_type": ["subjects", "subject"], "object_id": "28", "object_repr": "CS322 - Elective 2", "action_flag": 1, "change_message": "[{\"added\": {}}]"}}, {"model": "admin.logentry", "pk": 60, "fields": {"action_time": "2025-03-22T12:02:55.991Z", "user": ["root"], "content_type": ["subjects", "subject"], "object_id": "29", "object_repr": "CS323 - Math Analysis", "action_flag": 1, "change_message": "[{\"added\": {}}]"}}, {"model": "admin.logentry", "pk": 61, "fields": {"action_time": "2025-03-22T12:03:50.055Z", "user": ["root"], "content_type": ["subjects", "subject"], "object_id": "30", "object_repr": "ITC128 - Social Issues and Professional Practice", "action_flag": 1, "change_message": "[{\"added\": {}}]"}}, {"model": "admin.logentry", "pk": 62, "fields": {"action_time": "2025-03-22T12:05:12.404Z", "user": ["root"], "content_type": ["subjects", "subject"], "object_id": "31", "object_repr": "CS411 - Thesis 1", "action_flag": 1, "change_message": "[{\"added\": {}}]"}}, {"model": "admin.logentry", "pk": 63, "fields": {"action_time": "2025-03-22T12:05:38.743Z", "user": ["root"], "content_type": ["subjects", "subject"], "object_id": "32", "object_repr": "CS412 - Elective 3", "action_flag": 1, "change_message": "[{\"added\": {}}]"}}, {"model": "admin.logentry", "pk": 64, "fields": {"action_time": "2025-03-22T12:06:15.815Z", "user": ["root"], "content_type": ["subjects", "subject"], "object_id": "33", "object_repr": "CSS413 - Automata Theory and Formal Languages", "action_flag": 1, "change_message": "[{\"added\": {}}]"}}, {"model": "admin.logentry", "pk": 65, "fields": {"action_time": "2025-03-22T12:07:09.996Z", "user": ["root"], "content_type": ["subjects", "subject"], "object_id": "34", "object_repr": "CS420 - Information Assurance and Security", "action_flag": 1, "change_message": "[{\"added\": {}}]"}}, {"model": "admin.logentry", "pk": 66, "fields": {"action_time": "2025-03-22T12:07:42.788Z", "user": ["root"], "content_type": ["subjects", "subject"], "object_id": "35", "object_repr": "CS421 - Thesis 2", "action_flag": 1, "change_message": "[{\"added\": {}}]"}}, {"model": "admin.logentry", "pk": 67, "fields": {"action_time": "2025-03-22T12:08:12.361Z", "user": ["root"], "content_type": ["subjects", "subject"], "object_id": "36", "object_repr": "CS422 - Human Computer Interaction", "action_flag": 1, "change_message": "[{\"added\": {}}]"}}, {"model": "admin.logentry", "pk": 68, "fields": {"action_time": "2025-03-22T12:08:35.995Z", "user": ["root"], "content_type": ["subjects", "subject"], "object_id": "37", "object_repr": "CS423 - Elective 4", "action_flag": 1, "change_message": "[{\"added\": {}}]"}}, {"model": "admin.logentry", "pk": 69, "fields": {"action_time": "2025-03-22T12:12:53.782Z", "user": ["root"], "content_type": ["subjects", "subject"], "object_id": "38", "object_repr": "GCAS05 - Mathematics in the Modern World", "action_flag": 1, "change_message": "[{\"added\": {}}]"}}, {"model": "admin.logentry", "pk": 70, "fields": {"action_time": "2025-03-22T12:20:32.288Z", "user": ["root"], "content_type": ["subjects", "subject"], "object_id": "39", "object_repr": "GCAS08 - Purposive Communication", "action_flag": 1, "change_message": "[{\"added\": {}}]"}}, {"model": "admin.logentry", "pk": 71, "fields": {"action_time": "2025-03-22T12:21:01.988Z", "user": ["root"], "content_type": ["subjects", "subject"], "object_id": "39", "object_repr": "GCAS08 - Purposive Communication", "action_flag": 2, "change_message": "[{\"changed\": {\"fields\": [\"Subject type\"]}}]"}}, {"model": "admin.logentry", "pk": 72, "fields": {"action_time": "2025-03-22T12:22:47.873Z", "user": ["root"], "content_type": ["subjects", "subject"], "object_id": "40", "object_repr": "GCAS07 - Science, Technology and Society", "action_flag": 1, "change_message": "[{\"added\": {}}]"}}, {"model": "admin.logentry", "pk": 73, "fields": {"action_time": "2025-03-22T12:23:38.925Z", "user": ["root"], "content_type": ["subjects", "subject"], "object_id": "41", "object_repr": "GCAS15 - PE 1 - Movement Enhancement", "action_flag": 1, "change_message": "[{\"added\": {}}]"}}, {"model": "admin.logentry", "pk": 74, "fields": {"action_time": "2025-03-22T12:25:14.930Z", "user": ["root"], "content_type": ["subjects", "subject"], "object_id": "42", "object_repr": "GCAS19 - NSTP 1", "action_flag": 1, "change_message": "[{\"added\": {}}]"}}, {"model": "admin.logentry", "pk": 75, "fields": {"action_time": "2025-03-22T12:25:41.663Z", "user": ["root"], "content_type": ["subjects", "subject"], "object_id": "43", "object_repr": "GCAS01 - Art Appreciation", "action_flag": 1, "change_message": "[{\"added\": {}}]"}}, {"model": "admin.logentry", "pk": 76, "fields": {"action_time": "2025-03-22T12:27:12.309Z", "user": ["root"], "content_type": ["subjects", "subject"], "object_id": "44", "object_repr": "GCAS02 - Ethics", "action_flag": 1, "change_message": "[{\"added\": {}}]"}}, {"model": "admin.logentry", "pk": 77, "fields": {"action_time": "2025-03-22T12:27:57.298Z", "user": ["root"], "content_type": ["subjects", "subject"], "object_id": "45", "object_repr": "GCAS04 - Readings in Philippine History", "action_flag": 1, "change_message": "[{\"added\": {}}]"}}, {"model": "admin.logentry", "pk": 78, "fields": {"action_time": "2025-03-22T12:28:49.721Z", "user": ["root"], "content_type": ["subjects", "subject"], "object_id": "39", "object_repr": "GCAS06 - Purposive Communication", "action_flag": 2, "change_message": "[{\"changed\": {\"fields\": [\"Code\"]}}]"}}, {"model": "admin.logentry", "pk": 79, "fields": {"action_time": "2025-03-22T12:29:09.953Z", "user": ["root"], "content_type": ["subjects", "subject"], "object_id": "46", "object_repr": "GCAS08 - Understanding the Self", "action_flag": 1, "change_message": "[{\"added\": {}}]"}}, {"model": "admin.logentry", "pk": 80, "fields": {"action_time": "2025-03-22T12:29:36.843Z", "user": ["root"], "content_type": ["subjects", "subject"], "object_id": "47", "object_repr": "GCAS 16 - PE 2 - Fitness Exercises", "action_flag": 1, "change_message": "[{\"added\": {}}]"}}, {"model": "admin.logentry", "pk": 81, "fields": {"action_time": "2025-03-22T12:29:42.854Z", "user": ["root"], "content_type": ["subjects", "subject"], "object_id": "47", "object_repr": "GCAS 16 - PE 2 - Fitness Exercises", "action_flag": 2, "change_message": "[{\"changed\": {\"fields\": [\"Lec units\"]}}]"}}, {"model": "admin.logentry", "pk": 82, "fields": {"action_time": "2025-03-22T12:30:08.178Z", "user": ["root"], "content_type": ["subjects", "subject"], "object_id": "48", "object_repr": "GCAS20 - NSTP 2", "action_flag": 1, "change_message": "[{\"added\": {}}]"}}, {"model": "admin.logentry", "pk": 83, "fields": {"action_time": "2025-03-22T12:30:31.789Z", "user": ["root"], "content_type": ["subjects", "subject"], "object_id": "49", "object_repr": "GCAS03 - Contemporary World", "action_flag": 1, "change_message": "[{\"added\": {}}]"}}, {"model": "admin.logentry", "pk": 84, "fields": {"action_time": "2025-03-22T12:30:56.926Z", "user": ["root"], "content_type": ["subjects", "subject"], "object_id": "50", "object_repr": "GCAS17 - PE 3 - Dance/Swimming", "action_flag": 1, "change_message": "[{\"added\": {}}]"}}, {"model": "admin.logentry", "pk": 85, "fields": {"action_time": "2025-03-22T12:31:32.626Z", "user": ["root"], "content_type": ["subjects", "subject"], "object_id": "51", "object_repr": "GCAS14 - PE 4 - Team Sports", "action_flag": 1, "change_message": "[{\"added\": {}}]"}}, {"model": "admin.logentry", "pk": 86, "fields": {"action_time": "2025-03-22T12:31:59.275Z", "user": ["root"], "content_type": ["subjects", "subject"], "object_id": "52", "object_repr": "GCAS09 - Rizal", "action_flag": 1, "change_message": "[{\"added\": {}}]"}}, {"model": "admin.logentry", "pk": 87, "fields": {"action_time": "2025-03-22T12:33:01.843Z", "user": ["root"], "content_type": ["subjects", "subject"], "object_id": "53", "object_repr": "GCAS11 - Filipino 2 - Panitikan", "action_flag": 1, "change_message": "[{\"added\": {}}]"}}, {"model": "admin.logentry", "pk": 88, "fields": {"action_time": "2025-03-22T12:33:21.734Z", "user": ["root"], "content_type": ["subjects", "subject"], "object_id": "54", "object_repr": "GCASIR - Community Development", "action_flag": 1, "change_message": "[{\"added\": {}}]"}}, {"model": "admin.logentry", "pk": 89, "fields": {"action_time": "2025-03-26T03:54:35.130Z", "user": ["root"], "content_type": ["accounts", "department"], "object_id": "2", "object_repr": "College of Arts and Sciences", "action_flag": 1, "change_message": "[{\"added\": {}}]"}}, {"model": "admin.logentry", "pk": 90, "fields": {"action_time": "2025-03-26T03:55:44.937Z", "user": ["root"], "content_type": ["accounts", "program"], "object_id": "3", "object_repr": "ABE", "action_flag": 1, "change_message": "[{\"added\": {}}]"}}, {"model": "admin.logentry", "pk": 91, "fields": {"action_time": "2025-04-01T01:49:43.871Z", "user": ["root"], "content_type": ["studentRegistration", "studentregistration"], "object_id": "1", "object_repr": "Registration for Jerdan Gondayao (112341235) - Pending", "action_flag": 3, "change_message": ""}}, {"model": "admin.logentry", "pk": 92, "fields": {"action_time": "2025-04-01T12:28:44.568Z", "user": ["root"], "content_type": ["studentRegistration", "studentregistration"], "object_id": "2", "object_repr": "Registration for Jerdan Gondayao (112341235) - Completed", "action_flag": 2, "change_message": "[{\"changed\": {\"fields\": [\"Registration form image\"]}}]"}}, {"model": "admin.logentry", "pk": 93, "fields": {"action_time": "2025-04-01T12:28:52.123Z", "user": ["root"], "content_type": ["studentRegistration", "studentregistration"], "object_id": "2", "object_repr": "Registration for Jerdan Gondayao (112341235) - Completed", "action_flag": 2, "change_message": "[{\"changed\": {\"fields\": [\"Registration form image\"]}}]"}}, {"model": "admin.logentry", "pk": 94, "fields": {"action_time": "2025-04-14T09:57:05.655Z", "user": ["root"], "content_type": ["studentRegistration", "studentregistration"], "object_id": "3", "object_repr": "Registration for Johnmer Tanqui-on (40932174) - Completed", "action_flag": 3, "change_message": ""}}, {"model": "admin.logentry", "pk": 95, "fields": {"action_time": "2025-04-14T09:57:05.655Z", "user": ["root"], "content_type": ["studentRegistration", "studentregistration"], "object_id": "2", "object_repr": "Registration for Jerdan Gondayao (112341235) - Completed", "action_flag": 3, "change_message": ""}}]